#repo_id,file_id,total_days,author_id,uml_added_days,commits_before,commits_after,author_id2,uml_changed_days,commits_before2,commits_after2,author_id3,uml_changed_days,commits_before3,commits_after3,author_id4,uml_changed_days,commits_before4,commits_after4
1,4201,25,1,1,5,61
2,6025,515,4,0,0,62
3,6881,1256,7,42,2,135
3,6885,1256,7,42,2,135
3,6887,1256,7,42,2,135
3,6892,1256,7,42,2,135
3,6895,1256,7,42,2,135
3,6898,1256,7,42,2,135
3,6901,1256,7,42,2,135
3,6902,1256,7,42,2,135
3,6903,1256,7,42,2,135
3,6905,1256,7,42,2,135
3,6906,1256,7,42,2,135
3,6907,1256,7,42,2,135
3,6909,1256,7,42,2,135
3,6911,1256,7,42,2,135
3,6912,1256,7,42,2,135
3,6913,1256,7,42,2,135
3,6914,1256,7,42,2,135
3,6915,1256,7,42,2,135
3,6916,1256,7,42,2,135
3,6917,1256,7,42,2,135
3,6918,1256,7,42,2,135
3,6919,1256,7,42,2,135
3,6920,1256,7,42,2,135
3,6921,1256,7,42,2,135
3,6922,1256,7,42,2,135
4,12960,2077,30,659,369,559
5,13353,960,74,788,49,8
5,13354,960,74,788,49,8
5,13355,960,74,788,49,8,74,788,52,5
6,13977,923,83,481,455,300
7,14074,1988,93,0,1,244
9,16948,84,103,25,75,168
9,16949,84,103,25,75,168,103,57,130,113,104,83,217,26,104,84,236,7
9,16952,84,104,25,81,162,104,55,123,120
9,16995,84,104,58,135,108,105,80,180,63
9,17033,84,105,80,181,62
9,17034,84,105,80,181,62
9,17035,84,105,80,181,62
9,17037,84,105,80,181,62
9,17056,84,105,81,194,49
9,17203,84,105,83,207,36
9,17205,84,105,83,207,36,104,84,234,9,105,84,237,6
9,17259,84,105,83,210,33
9,17260,84,105,83,210,33
9,17305,84,104,83,217,26
9,17306,84,104,83,217,26
9,17314,84,105,84,237,6
9,17315,84,105,84,237,6
10,18183,393,109,393,115,0
11,19745,1660,184,1476,615,35
12,20275,37,185,0,3,85
13,20680,66,190,20,19,34,190,22,22,31
14,22050,1393,201,614,370,2414
15,23289,485,236,40,31,99
15,23327,485,236,360,119,11
16,24285,74,240,7,48,1077,240,29,268,857,240,29,291,833,240,31,302,823,240,31,303,822,240,36,363,762,240,39,400,725
16,24374,74,240,29,279,846
17,24466,28,250,0,2,48,250,2,6,44
18,24841,357,251,0,2,74
18,24842,357,251,0,2,74
18,24846,357,251,0,2,74
18,24848,357,251,0,2,74
18,24849,357,251,0,2,74
18,24852,357,251,0,2,74
18,24853,357,251,0,2,74
18,24857,357,251,0,2,74
18,24858,357,251,0,2,74
18,24862,357,251,0,2,74
18,24863,357,251,0,2,74
18,24867,357,251,0,2,74
18,24868,357,251,0,2,74
18,24872,357,251,0,2,74
18,24873,357,251,0,2,74
18,24877,357,251,0,2,74
18,24878,357,251,0,2,74
19,26576,72,254,11,4,24
20,34801,2547,256,0,0,199629,256,57,20,199610
20,36542,2547,256,57,20,199610
21,207639,2361,2177,476,31,127
21,207640,2361,2177,476,31,127
21,207650,2361,2177,476,31,127
21,207651,2361,2177,476,31,127
21,207652,2361,2177,476,31,127
21,207855,2361,2177,476,31,127
22,226266,1681,2180,1365,191,59
23,226650,545,2188,125,107,134,2191,129,153,88,2191,129,157,84
24,231396,430,2195,0,0,29
24,231397,430,2195,0,0,29
24,231398,430,2195,0,0,29
25,235880,4378,2198,2503,656,388
25,235881,4378,2198,2503,656,388
25,235882,4378,2198,2503,656,388
25,235883,4378,2198,2503,656,388
25,235884,4378,2198,2503,656,388
25,235885,4378,2198,2503,656,388
25,235886,4378,2198,2503,656,388
25,235887,4378,2198,2503,656,388
25,235888,4378,2198,2503,656,388
25,235889,4378,2198,2503,656,388
25,235890,4378,2198,2503,656,388
25,235891,4378,2198,2503,656,388
25,235892,4378,2198,2503,656,388
25,235893,4378,2198,2503,656,388
25,235894,4378,2198,2503,656,388
25,235895,4378,2198,2503,656,388
25,235896,4378,2198,2503,656,388
25,235897,4378,2198,2503,656,388
25,235898,4378,2198,2503,656,388
25,235899,4378,2198,2503,656,388
25,235900,4378,2198,2503,656,388
25,235901,4378,2198,2503,656,388
25,235902,4378,2198,2503,656,388
25,235903,4378,2198,2503,656,388
25,235904,4378,2198,2503,656,388
25,235905,4378,2198,2503,656,388
25,235906,4378,2198,2503,656,388
25,235907,4378,2198,2503,656,388
25,235908,4378,2198,2503,656,388
25,235909,4378,2198,2503,656,388
25,235910,4378,2198,2503,656,388
25,235911,4378,2198,2503,656,388
25,235912,4378,2198,2503,656,388
25,235913,4378,2198,2503,656,388
25,235914,4378,2198,2503,656,388
25,235915,4378,2198,2503,656,388
25,235916,4378,2198,2503,656,388
25,235917,4378,2198,2503,656,388
25,235918,4378,2198,2503,656,388
25,235919,4378,2198,2503,656,388
25,235920,4378,2198,2503,656,388
25,235921,4378,2198,2503,656,388
25,235922,4378,2198,2503,656,388
25,235923,4378,2198,2503,656,388
25,235924,4378,2198,2503,656,388
25,235925,4378,2198,2503,656,388
25,235926,4378,2198,2503,656,388
25,235927,4378,2198,2503,656,388
25,235928,4378,2198,2503,656,388
25,235929,4378,2198,2503,656,388
25,235930,4378,2198,2503,656,388
25,235931,4378,2198,2503,656,388
25,235932,4378,2198,2503,656,388
25,235933,4378,2198,2503,656,388
25,235934,4378,2198,2503,656,388
25,235935,4378,2198,2503,656,388
25,235936,4378,2198,2503,656,388
25,235937,4378,2198,2503,656,388
25,235938,4378,2198,2503,656,388
25,235939,4378,2198,2503,656,388
25,235940,4378,2198,2503,656,388
25,235941,4378,2198,2503,656,388
25,235942,4378,2198,2503,656,388
25,235943,4378,2198,2503,656,388
25,235944,4378,2198,2503,656,388
25,235945,4378,2198,2503,656,388
25,237479,4378,2198,2503,656,388,2201,2936,793,251
25,237480,4378,2198,2503,656,388,2201,2936,793,251
25,237481,4378,2198,2503,656,388,2201,2936,793,251
25,237482,4378,2198,2503,656,388,2201,2936,793,251
25,237483,4378,2198,2503,656,388,2201,2936,793,251
25,237484,4378,2198,2503,656,388,2201,2936,793,251
25,237485,4378,2198,2503,656,388,2201,2936,793,251
25,237486,4378,2198,2503,656,388,2201,2936,793,251
25,237487,4378,2198,2503,656,388,2201,2936,793,251
25,237488,4378,2198,2503,656,388,2201,2936,793,251
25,237489,4378,2198,2503,656,388,2201,2936,793,251
25,237490,4378,2198,2503,656,388,2201,2936,793,251
25,237491,4378,2198,2503,656,388,2201,2936,793,251
25,237492,4378,2198,2503,656,388,2201,2936,793,251
25,237493,4378,2198,2503,656,388,2201,2936,793,251
25,237494,4378,2198,2503,656,388,2201,2936,793,251
25,237495,4378,2198,2503,656,388,2201,2936,793,251
25,237496,4378,2198,2503,656,388,2201,2936,793,251
25,237497,4378,2198,2503,656,388,2201,2936,793,251
25,237498,4378,2198,2503,656,388,2201,2936,793,251
25,237499,4378,2198,2503,656,388,2201,2936,793,251
25,237500,4378,2198,2503,656,388,2201,2936,793,251
25,237501,4378,2198,2503,656,388,2201,2936,793,251
25,237502,4378,2198,2503,656,388,2201,2936,793,251
25,237503,4378,2198,2503,656,388,2201,2936,793,251
25,237504,4378,2198,2503,656,388,2201,2936,793,251
25,237505,4378,2198,2503,656,388,2201,2936,793,251
25,237506,4378,2198,2503,656,388,2201,2936,793,251
25,237507,4378,2198,2503,656,388,2201,2936,793,251
25,237508,4378,2198,2503,656,388,2201,2936,793,251
25,237509,4378,2198,2503,656,388,2201,2936,793,251
25,237510,4378,2198,2503,656,388,2201,2936,793,251
25,237511,4378,2198,2503,656,388,2201,2936,793,251
25,237512,4378,2198,2503,656,388,2201,2936,793,251
25,237513,4378,2198,2503,656,388,2201,2936,793,251
25,237514,4378,2198,2503,656,388,2201,2936,793,251
25,237515,4378,2198,2503,656,388,2201,2936,793,251
25,237516,4378,2198,2503,656,388,2201,2936,793,251
25,237517,4378,2198,2503,656,388,2201,2936,793,251
25,237518,4378,2198,2503,656,388,2201,2936,793,251
25,237519,4378,2198,2503,656,388,2201,2936,793,251
25,237520,4378,2198,2503,656,388,2201,2936,793,251
25,237521,4378,2198,2503,656,388,2201,2936,793,251
25,237522,4378,2198,2503,656,388,2201,2936,793,251
25,237523,4378,2198,2503,656,388,2201,2936,793,251
25,237524,4378,2198,2503,656,388,2201,2936,793,251
25,237525,4378,2198,2503,656,388,2201,2936,793,251
25,237526,4378,2198,2503,656,388,2201,2936,793,251
25,237527,4378,2198,2503,656,388,2201,2936,793,251
25,237528,4378,2198,2503,656,388,2201,2936,793,251
25,237529,4378,2198,2503,656,388,2201,2936,793,251
25,237530,4378,2198,2503,656,388,2201,2936,793,251
25,237531,4378,2198,2503,656,388,2201,2936,793,251
25,237532,4378,2198,2503,656,388,2201,2936,793,251
25,237533,4378,2198,2503,656,388,2201,2936,793,251
25,237534,4378,2198,2503,656,388,2201,2936,793,251
25,237535,4378,2198,2503,656,388,2201,2936,793,251
25,237536,4378,2198,2503,656,388,2201,2936,793,251
25,237537,4378,2198,2503,656,388,2201,2936,793,251
25,237538,4378,2198,2503,656,388,2201,2936,793,251
25,237539,4378,2198,2503,656,388,2201,2936,793,251
25,237540,4378,2198,2503,656,388,2201,2936,793,251
25,237541,4378,2198,2503,656,388,2201,2936,793,251
25,237542,4378,2198,2503,656,388,2201,2936,793,251
25,237543,4378,2198,2503,656,388,2201,2936,793,251
25,237544,4378,2198,2503,656,388,2201,2936,793,251
25,237545,4378,2198,2503,656,388,2201,2936,793,251
25,237546,4378,2198,2503,656,388,2201,2936,793,251
25,237547,4378,2198,2503,656,388,2201,2936,793,251
25,237548,4378,2198,2503,656,388,2201,2936,793,251
25,237549,4378,2198,2503,656,388,2201,2936,793,251
25,237550,4378,2198,2503,656,388,2201,2936,793,251
25,237551,4378,2198,2503,656,388,2201,2936,793,251
25,237552,4378,2198,2503,656,388,2201,2936,793,251
25,237553,4378,2198,2503,656,388,2201,2936,793,251
25,237554,4378,2198,2503,656,388,2201,2936,793,251
25,237555,4378,2198,2503,656,388,2201,2936,793,251
25,237556,4378,2198,2503,656,388,2201,2936,793,251
25,237557,4378,2198,2503,656,388,2201,2936,793,251
25,237558,4378,2198,2503,656,388,2201,2936,793,251
25,237559,4378,2198,2503,656,388,2201,2936,793,251
25,237560,4378,2198,2503,656,388,2201,2936,793,251
25,237561,4378,2198,2503,656,388,2201,2936,793,251
25,237562,4378,2198,2503,656,388,2201,2936,793,251
25,237563,4378,2198,2503,656,388,2201,2936,793,251
25,237564,4378,2198,2503,656,388,2201,2936,793,251
25,237565,4378,2198,2503,656,388,2201,2936,793,251
25,237566,4378,2198,2503,656,388,2201,2936,793,251
25,237567,4378,2198,2503,656,388,2201,2936,793,251
25,237568,4378,2198,2503,656,388,2201,2936,793,251
25,237569,4378,2198,2503,656,388,2201,2936,793,251
25,237570,4378,2198,2503,656,388,2201,2936,793,251
25,237571,4378,2198,2503,656,388,2201,2936,793,251
25,237572,4378,2198,2503,656,388,2201,2936,793,251
25,237573,4378,2198,2503,656,388,2201,2936,793,251
25,237574,4378,2198,2503,656,388,2201,2936,793,251
25,237575,4378,2198,2503,656,388,2201,2936,793,251
25,237576,4378,2198,2503,656,388,2201,2936,793,251
25,237577,4378,2198,2503,656,388,2201,2936,793,251
25,237578,4378,2198,2503,656,388,2201,2936,793,251
25,237579,4378,2198,2503,656,388,2201,2936,793,251
25,237580,4378,2198,2503,656,388,2201,2936,793,251
25,237581,4378,2198,2503,656,388,2201,2936,793,251
25,237582,4378,2198,2503,656,388,2201,2936,793,251
25,237583,4378,2198,2503,656,388,2201,2936,793,251
25,237584,4378,2198,2503,656,388,2201,2936,793,251
25,237585,4378,2198,2503,656,388,2201,2936,793,251
25,237586,4378,2198,2503,656,388,2201,2936,793,251
25,237587,4378,2198,2503,656,388,2201,2936,793,251
25,237588,4378,2198,2503,656,388,2201,2936,793,251
25,237589,4378,2198,2503,656,388,2201,2936,793,251
25,237590,4378,2198,2503,656,388,2201,2936,793,251
25,237591,4378,2198,2503,656,388,2201,2936,793,251
25,237592,4378,2198,2503,656,388,2201,2936,793,251
25,237593,4378,2198,2503,656,388,2201,2936,793,251
25,237594,4378,2198,2503,656,388,2201,2936,793,251
25,237595,4378,2198,2503,656,388,2201,2936,793,251
25,237596,4378,2198,2503,656,388,2201,2936,793,251
25,237597,4378,2198,2503,656,388,2201,2936,793,251
25,237598,4378,2198,2503,656,388,2201,2936,793,251
25,237599,4378,2198,2503,656,388,2201,2936,793,251
25,237600,4378,2198,2503,656,388,2201,2936,793,251
25,237601,4378,2198,2503,656,388,2201,2936,793,251
25,237602,4378,2198,2503,656,388,2201,2936,793,251
25,237603,4378,2198,2503,656,388,2201,2936,793,251
25,237604,4378,2198,2503,656,388,2201,2936,793,251
25,237605,4378,2198,2503,656,388,2201,2936,793,251
25,237606,4378,2198,2503,656,388,2201,2936,793,251
25,237607,4378,2198,2503,656,388,2201,2936,793,251
25,237608,4378,2198,2503,656,388,2201,2936,793,251
25,237609,4378,2198,2503,656,388,2201,2936,793,251
25,237610,4378,2198,2503,656,388,2201,2936,793,251
25,237611,4378,2198,2503,656,388,2201,2936,793,251
25,237612,4378,2198,2503,656,388,2201,2936,793,251
25,237613,4378,2198,2503,656,388,2201,2936,793,251
25,237614,4378,2198,2503,656,388,2201,2936,793,251
25,237615,4378,2198,2503,656,388,2201,2936,793,251
25,237616,4378,2198,2503,656,388,2201,2936,793,251
25,237617,4378,2198,2503,656,388,2201,2936,793,251
25,237618,4378,2198,2503,656,388,2201,2936,793,251
25,237619,4378,2198,2503,656,388,2201,2936,793,251
25,237620,4378,2198,2503,656,388,2201,2936,793,251
25,237621,4378,2198,2503,656,388,2201,2936,793,251
25,237622,4378,2198,2503,656,388,2201,2936,793,251
25,237623,4378,2198,2503,656,388,2201,2936,793,251
25,237624,4378,2198,2503,656,388,2201,2936,793,251
25,237625,4378,2198,2503,656,388,2201,2936,793,251
25,237626,4378,2198,2503,656,388,2201,2936,793,251
25,237627,4378,2198,2503,656,388,2201,2936,793,251
25,237628,4378,2198,2503,656,388,2201,2936,793,251
25,237629,4378,2198,2503,656,388,2201,2936,793,251
25,237630,4378,2198,2503,656,388,2201,2936,793,251
25,237631,4378,2198,2503,656,388,2201,2936,793,251
25,237632,4378,2198,2503,656,388,2201,2936,793,251
25,237633,4378,2198,2503,656,388,2201,2936,793,251
25,237634,4378,2198,2503,656,388,2201,2936,793,251
25,237635,4378,2198,2503,656,388,2201,2936,793,251
25,237636,4378,2198,2503,656,388,2201,2936,793,251
26,243510,1595,256,0,0,64297,256,57,20,64278
26,245251,1595,256,57,20,64278
27,286833,153,2394,73,30,28
28,286865,479,2395,1,8,12
29,286928,5,2398,0,0,10
30,287554,117,2403,68,45,7
31,297213,4136,2412,1296,5612,4321
32,302820,10,2469,10,4,0
33,302826,259,2470,0,0,24,2470,98,6,18,2470,98,8,16
33,302827,259,2470,1,1,23,2470,98,6,18,2470,98,8,16
34,303657,408,2473,116,115,6
35,306055,1470,2474,450,313,459
35,306056,1470,2474,450,313,459
35,306057,1470,2474,450,313,459
36,314057,43,2479,0,3,11
37,314480,91,2481,1,1,23
38,317098,0,2485,0,0,0
38,317206,0,2485,0,0,0
38,318965,0,2485,0,0,0
38,319113,0,2485,0,0,0
38,319115,0,2485,0,0,0
38,319261,0,2485,0,0,0
38,319263,0,2485,0,0,0
39,320402,1092,2486,0,1,93
40,323644,3142,2495,100,210,3098
41,348823,1139,2518,664,76,51
42,353522,1314,2521,0,0,1915
42,353523,1314,2521,0,0,1915
42,353524,1314,2521,0,0,1915
43,356879,2299,2539,557,90,43
43,362863,2299,2539,557,90,43
43,373039,2299,2539,616,102,31
43,373493,2299,2539,616,102,31
43,373495,2299,2539,616,102,31
43,377338,2299,2539,616,102,31
43,381107,2299,2539,759,114,19
43,381238,2299,2539,759,114,19
43,381704,2299,2539,759,114,19
43,381706,2299,2539,759,114,19
43,387084,2299,2539,759,114,19
44,388088,1411,2547,178,190,189
45,388298,5,2551,5,1,0
46,389038,48,2552,2,20,2
47,389048,0,2557,0,1,1
48,389959,0,2558,0,0,0
48,390036,0,2558,0,0,0
48,391129,0,2558,0,0,0
48,391203,0,2558,0,0,0
49,400394,92,2559,24,1,27,2559,24,3,25
50,408943,1283,2577,776,1210,401
51,414772,128,2580,0,1,3
52,415675,485,2581,349,88,41,2583,351,89,40,2583,451,105,24
52,415676,485,2581,349,88,41,2583,351,89,40
52,415677,485,2581,349,88,41,2584,485,123,6
52,415680,485,2583,351,89,40,2584,485,123,6
52,415740,485,2583,416,99,30,2584,485,123,6
53,415831,122,2585,36,47,33
54,415949,77,2588,0,1,149
55,420268,27,2595,0,1,11
56,421131,1342,2601,98,34,142
56,421558,1342,2601,354,71,105
56,421604,1342,2601,354,71,105
56,421992,1342,2601,500,90,86
57,424170,441,2605,367,67,797,2605,367,68,796,2605,369,99,765,2605,369,100,764,2605,369,101,763,2605,369,107,757
58,425236,34,2615,1,3,15
58,425246,34,2615,1,3,15
58,425252,34,2615,1,3,15
58,425345,34,2615,1,3,15
59,432542,368,2617,12,8,105
60,432685,185,2621,2,1,12
61,437162,3118,2624,362,710,404
61,437250,3118,2624,362,710,404
62,454494,3607,2681,2697,2395,212
63,455521,2252,2722,0,0,886,2722,122,125,761
63,455522,2252,2722,0,0,886,2722,122,125,761,2722,172,187,699
63,455523,2252,2722,0,0,886,2722,122,125,761,2722,172,187,699
63,456173,2252,2722,172,187,699
63,456174,2252,2722,172,187,699,2722,409,424,462
64,457680,109,2727,0,1,52,2727,109,53,0
64,457686,109,2727,0,1,52,2727,109,53,0
65,459603,349,2729,0,0,23
66,460315,950,2755,612,341,100
67,462602,2459,2765,311,190,276
67,462603,2459,2765,311,190,276
68,464102,110,2767,110,83,1
69,466904,16411,2777,16103,186,26
70,470607,35,2783,4,6,33
70,470609,35,2783,4,6,33
70,470610,35,2783,4,6,33
71,470996,1536,14,279,109,1695
72,471585,62,2929,0,0,8
72,471595,62,2929,0,0,8
73,475803,844,2930,2,20,80
74,480695,99,2935,0,0,49
75,489357,6,2938,0,1,30
76,496113,978,2943,26,10,80
76,496114,978,2943,26,10,80
76,496115,978,2943,26,10,80
76,496116,978,2943,26,10,80
76,496117,978,2943,26,10,80
76,496118,978,2943,26,10,80
76,496119,978,2943,26,10,80
76,496120,978,2943,26,10,80
76,496121,978,2943,26,10,80
76,496122,978,2943,26,10,80
76,496123,978,2943,26,10,80
76,496124,978,2943,26,10,80
76,496125,978,2943,26,10,80
76,496126,978,2943,26,10,80
76,496127,978,2943,26,10,80
76,496128,978,2943,26,10,80
76,496129,978,2943,26,10,80
76,496130,978,2943,26,10,80
76,496131,978,2943,26,10,80
76,496132,978,2943,26,10,80
76,496133,978,2943,26,10,80
76,496134,978,2943,26,10,80
76,496135,978,2943,26,10,80
76,496136,978,2943,26,10,80
76,496137,978,2943,26,10,80
76,496138,978,2943,26,10,80
76,496139,978,2943,26,10,80
76,496140,978,2943,26,10,80
76,496141,978,2943,26,10,80
76,496142,978,2943,26,10,80
76,496143,978,2943,26,10,80
76,496144,978,2943,26,10,80
76,496145,978,2943,26,10,80
76,496146,978,2943,26,10,80
76,496147,978,2943,26,10,80
76,496148,978,2943,26,10,80
76,496149,978,2943,26,10,80
76,496150,978,2943,26,10,80
76,496151,978,2943,26,10,80
76,496152,978,2943,26,10,80
76,496153,978,2943,26,10,80
76,496154,978,2943,26,10,80
76,496155,978,2943,26,10,80
76,496156,978,2943,26,10,80
76,496157,978,2943,26,10,80
76,496158,978,2943,26,10,80
76,496159,978,2943,26,10,80
76,496160,978,2943,26,10,80
76,496161,978,2943,26,10,80
76,496162,978,2943,26,10,80
76,496163,978,2943,26,10,80
76,496164,978,2943,26,10,80
76,496165,978,2943,26,10,80
76,496166,978,2943,26,10,80
76,496167,978,2943,26,10,80
76,496168,978,2943,26,10,80
76,496169,978,2943,26,10,80
76,496170,978,2943,26,10,80
76,496171,978,2943,26,10,80
76,496172,978,2943,26,10,80
76,496173,978,2943,26,10,80
76,496174,978,2943,26,10,80
76,496175,978,2943,26,10,80
76,496176,978,2943,26,10,80
76,496177,978,2943,26,10,80
76,496178,978,2943,26,10,80
76,496179,978,2943,26,10,80
76,496180,978,2943,26,10,80
76,496181,978,2943,26,10,80
76,496182,978,2943,26,10,80
76,496183,978,2943,26,10,80
76,496184,978,2943,26,10,80
76,496185,978,2943,26,10,80
76,496187,978,2943,26,10,80
76,496188,978,2943,26,10,80
76,496189,978,2943,26,10,80
76,496190,978,2943,26,10,80
76,496191,978,2943,26,10,80
76,496192,978,2943,26,10,80
76,496193,978,2943,26,10,80
76,496194,978,2943,26,10,80
76,496195,978,2943,26,10,80
76,496196,978,2943,26,10,80
76,496197,978,2943,26,10,80
76,496198,978,2943,26,10,80
76,496199,978,2943,26,10,80
76,496200,978,2943,26,10,80
76,496201,978,2943,26,10,80
76,496202,978,2943,26,10,80
76,496203,978,2943,26,10,80
76,496204,978,2943,26,10,80
76,496205,978,2943,26,10,80
76,496206,978,2943,26,10,80
76,496207,978,2943,26,10,80
76,496208,978,2943,26,10,80
76,496209,978,2943,26,10,80
76,496210,978,2943,26,10,80
76,496211,978,2943,26,10,80
76,496212,978,2943,26,10,80
76,496213,978,2943,26,10,80
76,496214,978,2943,26,10,80
76,496215,978,2943,26,10,80
76,496216,978,2943,26,10,80
76,496217,978,2943,26,10,80
76,496218,978,2943,26,10,80
76,496219,978,2943,26,10,80
76,496220,978,2943,26,10,80
76,496221,978,2943,26,10,80
76,496222,978,2943,26,10,80
76,496223,978,2943,26,10,80
76,496224,978,2943,26,10,80
76,496225,978,2943,26,10,80
76,496226,978,2943,26,10,80
76,496227,978,2943,26,10,80
76,496228,978,2943,26,10,80
76,496229,978,2943,26,10,80
76,496230,978,2943,26,10,80
76,496231,978,2943,26,10,80
76,496232,978,2943,26,10,80
76,496233,978,2943,26,10,80
76,496234,978,2943,26,10,80
76,496235,978,2943,26,10,80
76,496236,978,2943,26,10,80
76,496237,978,2943,26,10,80
76,496238,978,2943,26,10,80
76,496239,978,2943,26,10,80
76,496240,978,2943,26,10,80
76,496241,978,2943,26,10,80
76,496242,978,2943,26,10,80
76,496243,978,2943,26,10,80
76,496244,978,2943,26,10,80
76,496245,978,2943,26,10,80
76,496246,978,2943,26,10,80
76,496247,978,2943,26,10,80
76,496248,978,2943,26,10,80
76,496249,978,2943,26,10,80
76,496250,978,2943,26,10,80
76,496251,978,2943,26,10,80
76,496252,978,2943,26,10,80
76,496253,978,2943,26,10,80
76,496254,978,2943,26,10,80
76,496255,978,2943,26,10,80
76,496256,978,2943,26,10,80
76,496257,978,2943,26,10,80
76,496258,978,2943,26,10,80
76,496259,978,2943,26,10,80
76,496260,978,2943,26,10,80
76,496261,978,2943,26,10,80
76,496262,978,2943,26,10,80
76,496263,978,2943,26,10,80
76,496264,978,2943,26,10,80
76,496265,978,2943,26,10,80
76,496266,978,2943,26,10,80
76,496267,978,2943,26,10,80
76,496268,978,2943,26,10,80
76,496269,978,2943,26,10,80
76,496270,978,2943,26,10,80
76,496271,978,2943,26,10,80
76,496272,978,2943,26,10,80
76,496273,978,2943,26,10,80
76,496274,978,2943,26,10,80
76,496275,978,2943,26,10,80
76,496276,978,2943,26,10,80
76,496277,978,2943,26,10,80
76,496278,978,2943,26,10,80
76,496279,978,2943,26,10,80
76,496280,978,2943,26,10,80
76,496281,978,2943,26,10,80
76,496282,978,2943,26,10,80
76,496283,978,2943,26,10,80
76,496284,978,2943,26,10,80
76,496285,978,2943,26,10,80
76,496286,978,2943,26,10,80
76,496287,978,2943,26,10,80
76,496288,978,2943,26,10,80
76,496289,978,2943,26,10,80
76,496290,978,2943,26,10,80
76,496291,978,2943,26,10,80
76,496292,978,2943,26,10,80
76,496293,978,2943,26,10,80
76,496294,978,2943,26,10,80
76,496295,978,2943,26,10,80
76,496296,978,2943,26,10,80
76,496297,978,2943,26,10,80
76,496298,978,2943,26,10,80
76,496299,978,2943,26,10,80
76,496300,978,2943,26,10,80
76,496301,978,2943,26,10,80
76,496302,978,2943,26,10,80
76,496303,978,2943,26,10,80
76,496304,978,2943,26,10,80
76,496305,978,2943,26,10,80
76,496306,978,2943,26,10,80
76,496307,978,2943,26,10,80
76,496308,978,2943,26,10,80
76,496309,978,2943,26,10,80
76,496310,978,2943,26,10,80
76,496311,978,2943,26,10,80
76,496312,978,2943,26,10,80
76,496313,978,2943,26,10,80
76,496314,978,2943,26,10,80
76,496315,978,2943,26,10,80
76,496316,978,2943,26,10,80
76,496317,978,2943,26,10,80
76,496318,978,2943,26,10,80
76,496319,978,2943,26,10,80
76,496320,978,2943,26,10,80
76,496321,978,2943,26,10,80
76,496322,978,2943,26,10,80
76,496323,978,2943,26,10,80
76,496324,978,2943,26,10,80
76,496325,978,2943,26,10,80
76,496326,978,2943,26,10,80
76,496327,978,2943,26,10,80
76,496328,978,2943,26,10,80
76,496329,978,2943,26,10,80
76,496330,978,2943,26,10,80
76,496331,978,2943,26,10,80
76,496332,978,2943,26,10,80
76,496333,978,2943,26,10,80
76,496334,978,2943,26,10,80
76,496335,978,2943,26,10,80
76,496336,978,2943,26,10,80
76,496337,978,2943,26,10,80
76,496338,978,2943,26,10,80
76,496339,978,2943,26,10,80
76,496340,978,2943,26,10,80
76,496341,978,2943,26,10,80
76,496342,978,2943,26,10,80
76,496343,978,2943,26,10,80
76,496344,978,2943,26,10,80
76,496345,978,2943,26,10,80
76,496346,978,2943,26,10,80
76,496347,978,2943,26,10,80
76,496348,978,2943,26,10,80
76,496349,978,2943,26,10,80
76,496350,978,2943,26,10,80
76,496351,978,2943,26,10,80
76,496352,978,2943,26,10,80
76,496353,978,2943,26,10,80
76,496354,978,2943,26,10,80
76,496355,978,2943,26,10,80
76,496356,978,2943,26,10,80
76,496357,978,2943,26,10,80
76,496358,978,2943,26,10,80
76,496359,978,2943,26,10,80
76,496360,978,2943,26,10,80
76,496361,978,2943,26,10,80
76,496362,978,2943,26,10,80
76,496363,978,2943,26,10,80
76,496364,978,2943,26,10,80
76,496365,978,2943,26,10,80
76,496366,978,2943,26,10,80
76,496367,978,2943,26,10,80
76,496368,978,2943,26,10,80
76,496369,978,2943,26,10,80
76,496370,978,2943,26,10,80
76,496371,978,2943,26,10,80
76,496372,978,2943,26,10,80
76,496373,978,2943,26,10,80
76,496374,978,2943,26,10,80
76,496375,978,2943,26,10,80
76,496376,978,2943,26,10,80
76,496377,978,2943,26,10,80
76,496378,978,2943,26,10,80
76,496379,978,2943,26,10,80
76,496380,978,2943,26,10,80
76,496381,978,2943,26,10,80
76,496382,978,2943,26,10,80
76,496383,978,2943,26,10,80
76,496384,978,2943,26,10,80
76,496385,978,2943,26,10,80
76,496386,978,2943,26,10,80
76,496387,978,2943,26,10,80
76,496388,978,2943,26,10,80
76,496389,978,2943,26,10,80
76,496390,978,2943,26,10,80
76,496391,978,2943,26,10,80
76,496392,978,2943,26,10,80
76,496393,978,2943,26,10,80
76,496394,978,2943,26,10,80
76,496395,978,2943,26,10,80
76,496396,978,2943,26,10,80
76,496397,978,2943,26,10,80
76,496398,978,2943,26,10,80
76,496399,978,2943,26,10,80
76,496400,978,2943,26,10,80
76,496401,978,2943,26,10,80
76,496402,978,2943,26,10,80
76,496403,978,2943,26,10,80
76,496404,978,2943,26,10,80
76,496405,978,2943,26,10,80
76,496406,978,2943,26,10,80
76,496407,978,2943,26,10,80
76,496408,978,2943,26,10,80
76,496409,978,2943,26,10,80
76,496410,978,2943,26,10,80
76,496411,978,2943,26,10,80
76,496412,978,2943,26,10,80
76,496413,978,2943,26,10,80
76,496414,978,2943,26,10,80
76,496415,978,2943,26,10,80
76,496416,978,2943,26,10,80
76,496417,978,2943,26,10,80
76,496418,978,2943,26,10,80
76,496419,978,2943,26,10,80
76,496420,978,2943,26,10,80
76,496421,978,2943,26,10,80
76,496422,978,2943,26,10,80
76,496423,978,2943,26,10,80
76,496424,978,2943,26,10,80
76,496425,978,2943,26,10,80
76,496426,978,2943,26,10,80
76,496427,978,2943,26,10,80
76,496428,978,2943,26,10,80
77,566463,4815,2976,3017,11995,667
78,569511,99,2990,73,11,79
78,569512,99,2990,73,11,79
78,569513,99,2990,73,11,79
78,569514,99,2990,73,11,79
78,569515,99,2990,73,11,79
78,569516,99,2990,73,11,79
78,569517,99,2990,73,11,79
78,569518,99,2990,73,11,79
78,569519,99,2990,73,11,79
78,569520,99,2990,73,11,79
78,569521,99,2990,73,11,79
78,569522,99,2990,73,11,79
78,569523,99,2990,73,11,79
78,569524,99,2990,73,11,79
78,569525,99,2990,73,11,79
78,569526,99,2990,73,11,79
78,569527,99,2990,73,11,79
78,569528,99,2990,73,11,79
78,569529,99,2990,73,11,79
78,569530,99,2990,73,11,79
78,569531,99,2990,73,11,79
78,569532,99,2990,73,11,79
78,569533,99,2990,73,11,79
78,569534,99,2990,73,11,79
78,569535,99,2990,73,11,79
78,569536,99,2990,73,11,79
78,569537,99,2990,73,11,79
78,569538,99,2990,73,11,79
78,569539,99,2990,73,11,79
78,569540,99,2990,73,11,79
78,569541,99,2990,73,11,79
78,569542,99,2990,73,11,79
78,569543,99,2990,73,11,79
78,569544,99,2990,73,11,79
78,569545,99,2990,73,11,79
78,569546,99,2990,73,11,79
78,569547,99,2990,73,11,79
78,569548,99,2990,73,11,79
78,569549,99,2990,73,11,79
78,569550,99,2990,73,11,79
78,569551,99,2990,73,11,79
78,569552,99,2990,73,11,79
78,569553,99,2990,73,11,79
78,569554,99,2990,73,11,79
78,569555,99,2990,73,11,79
78,569556,99,2990,73,11,79
78,569557,99,2990,73,11,79
78,569558,99,2990,73,11,79
78,569559,99,2990,73,11,79
78,569560,99,2990,73,11,79
78,569561,99,2990,73,11,79
78,569562,99,2990,73,11,79
78,569563,99,2990,73,11,79
78,569564,99,2990,73,11,79
78,569565,99,2990,73,11,79
78,569566,99,2990,73,11,79
78,569567,99,2990,73,11,79
78,569568,99,2990,73,11,79
78,569569,99,2990,73,11,79
78,569570,99,2990,73,11,79
78,569571,99,2990,73,11,79
78,569572,99,2990,73,11,79
78,569573,99,2990,73,11,79
78,569574,99,2990,73,11,79
78,569575,99,2990,73,11,79
78,569576,99,2990,73,11,79
78,569577,99,2990,73,11,79
78,569578,99,2990,73,11,79
78,569579,99,2990,73,11,79
78,569580,99,2990,73,11,79
78,569581,99,2990,73,11,79
78,569582,99,2990,73,11,79
78,569583,99,2990,73,11,79
78,569584,99,2990,73,11,79
78,569585,99,2990,73,11,79
78,569586,99,2990,73,11,79
78,569587,99,2990,73,11,79
78,569588,99,2990,73,11,79
78,569589,99,2990,73,11,79
78,569590,99,2990,73,11,79
78,569591,99,2990,73,11,79
78,569592,99,2990,73,11,79
78,569593,99,2990,73,11,79
78,569594,99,2990,73,11,79
78,569595,99,2990,73,11,79
78,569596,99,2990,73,11,79
78,569597,99,2990,73,11,79
78,569598,99,2990,73,11,79
78,569599,99,2990,73,11,79
78,569600,99,2990,73,11,79
78,569601,99,2990,73,11,79
78,569602,99,2990,73,11,79
78,569603,99,2990,73,11,79
78,569604,99,2990,73,11,79
78,569605,99,2990,73,11,79
78,569606,99,2990,73,11,79
78,569607,99,2990,73,11,79
78,569608,99,2990,73,11,79
78,569609,99,2990,73,11,79
78,569610,99,2990,73,11,79
78,569611,99,2990,73,11,79
78,569612,99,2990,73,11,79
78,569613,99,2990,73,11,79
78,569614,99,2990,73,11,79
78,569615,99,2990,73,11,79
78,569616,99,2990,73,11,79
78,569617,99,2990,73,11,79
78,569618,99,2990,73,11,79
78,569619,99,2990,73,11,79
78,569620,99,2990,73,11,79
78,569621,99,2990,73,11,79
78,569622,99,2990,73,11,79
78,569623,99,2990,73,11,79
78,569624,99,2990,73,11,79
78,569625,99,2990,73,11,79
78,569626,99,2990,73,11,79
78,569627,99,2990,73,11,79
78,569628,99,2990,73,11,79
78,569629,99,2990,73,11,79
78,569630,99,2990,73,11,79
78,569631,99,2990,73,11,79
78,569632,99,2990,73,11,79
78,569633,99,2990,73,11,79
78,569634,99,2990,73,11,79
78,569635,99,2990,73,11,79
78,569636,99,2990,73,11,79
78,569637,99,2990,73,11,79
78,569638,99,2990,73,11,79
78,569639,99,2990,73,11,79
78,569640,99,2990,73,11,79
78,569641,99,2990,73,11,79
78,569642,99,2990,73,11,79
78,569643,99,2990,73,11,79
78,569644,99,2990,73,11,79
78,569645,99,2990,73,11,79
78,569646,99,2990,73,11,79
78,569647,99,2990,73,11,79
78,569648,99,2990,73,11,79
78,569649,99,2990,73,11,79
78,569650,99,2990,73,11,79
78,569651,99,2990,73,11,79
78,569652,99,2990,73,11,79
78,569653,99,2990,73,11,79
78,569654,99,2990,73,11,79
78,569655,99,2990,73,11,79
78,569656,99,2990,73,11,79
78,569657,99,2990,73,11,79
78,569658,99,2990,73,11,79
78,569659,99,2990,73,11,79
78,569660,99,2990,73,11,79
78,569661,99,2990,73,11,79
78,569662,99,2990,73,11,79
78,569663,99,2990,73,11,79
78,569664,99,2990,73,11,79
78,569665,99,2990,73,11,79
78,569666,99,2990,73,11,79
78,569667,99,2990,73,11,79
78,569668,99,2990,73,11,79
78,569669,99,2990,73,11,79
78,569670,99,2990,73,11,79
78,569671,99,2990,73,11,79
78,569672,99,2990,73,11,79
78,569673,99,2990,73,11,79
78,569674,99,2990,73,11,79
78,569675,99,2990,73,11,79
78,569676,99,2990,73,11,79
78,569677,99,2990,73,11,79
78,569678,99,2990,73,11,79
79,587322,679,2992,167,313,314
79,587323,679,2992,167,313,314
79,587334,679,2992,198,390,237
80,592343,233,2993,0,0,172
80,592345,233,2993,0,0,172
80,593945,233,2993,0,0,172
80,593947,233,2993,0,0,172
80,598799,233,2993,0,0,172
80,598801,233,2993,0,0,172
81,599797,208,2999,0,6,82,2999,8,10,78,2999,24,14,74,2998,81,75,13
82,602313,127,3001,103,55,3
83,612785,12,3004,0,1,15
83,612786,12,3004,0,1,15
84,624798,941,3006,840,143,7
84,624799,941,3006,840,143,7
84,624801,941,3006,840,143,7
84,624803,941,3006,840,143,7
85,625366,60,3007,59,86,2
86,625789,982,3012,0,2,269,3014,688,17,250
86,625790,982,3012,0,2,269,3014,688,17,250
86,625793,982,3012,0,2,269,3014,688,17,250
87,628537,1021,3015,0,0,1
88,631537,2288,3017,990,557,887
88,631942,2288,3017,990,557,887
89,650354,571,3129,40,234,217
89,650355,571,3129,40,234,217
89,650356,571,3129,40,234,217
89,650361,571,3129,46,245,206
89,650376,571,3126,47,248,203
89,650582,571,3126,70,313,138
89,650583,571,3126,70,313,138
89,650589,571,3126,70,313,138
89,650590,571,3126,70,313,138
89,650591,571,3126,70,313,138
90,656278,776,3135,17,4,51
90,656362,776,3133,58,11,44
91,656571,1227,3145,0,1,59
91,656700,1227,3145,0,2,58
92,662066,915,2943,40,21,129
92,662067,915,2943,40,21,129
92,662068,915,2943,40,21,129
92,662069,915,2943,40,21,129
92,662070,915,2943,40,21,129
92,662071,915,2943,40,21,129
92,662072,915,2943,40,21,129
92,662073,915,2943,40,21,129
92,662074,915,2943,40,21,129
92,662075,915,2943,40,21,129
92,662076,915,2943,40,21,129
92,662077,915,2943,40,21,129
92,662078,915,2943,40,21,129
92,662079,915,2943,40,21,129
92,662080,915,2943,40,21,129
92,662081,915,2943,40,21,129
92,662082,915,2943,40,21,129
92,662083,915,2943,40,21,129
92,662084,915,2943,40,21,129
92,662085,915,2943,40,21,129
92,662086,915,2943,40,21,129
92,662087,915,2943,40,21,129
92,662088,915,2943,40,21,129
92,662089,915,2943,40,21,129
92,662090,915,2943,40,21,129
92,662091,915,2943,40,21,129
92,662092,915,2943,40,21,129
92,662093,915,2943,40,21,129
92,662094,915,2943,40,21,129
92,662095,915,2943,40,21,129
92,662096,915,2943,40,21,129
92,662097,915,2943,40,21,129
92,662098,915,2943,40,21,129
92,662099,915,2943,40,21,129
92,662100,915,2943,40,21,129
92,662101,915,2943,40,21,129
92,662102,915,2943,40,21,129
92,662103,915,2943,40,21,129
92,662104,915,2943,40,21,129
92,662105,915,2943,40,21,129
92,662106,915,2943,40,21,129
92,662107,915,2943,40,21,129
92,662108,915,2943,40,21,129
92,662109,915,2943,40,21,129
92,662110,915,2943,40,21,129
92,662111,915,2943,40,21,129
92,662112,915,2943,40,21,129
92,662113,915,2943,40,21,129
92,662114,915,2943,40,21,129
92,662115,915,2943,40,21,129
92,662116,915,2943,40,21,129
92,662117,915,2943,40,21,129
92,662118,915,2943,40,21,129
92,662119,915,2943,40,21,129
92,662120,915,2943,40,21,129
92,662121,915,2943,40,21,129
92,662122,915,2943,40,21,129
92,662123,915,2943,40,21,129
92,662124,915,2943,40,21,129
92,662125,915,2943,40,21,129
92,662126,915,2943,40,21,129
92,662127,915,2943,40,21,129
92,662128,915,2943,40,21,129
92,662129,915,2943,40,21,129
92,662130,915,2943,40,21,129
92,662131,915,2943,40,21,129
92,662132,915,2943,40,21,129
92,662133,915,2943,40,21,129
92,662134,915,2943,40,21,129
92,662135,915,2943,40,21,129
92,662136,915,2943,40,21,129
92,662137,915,2943,40,21,129
92,662138,915,2943,40,21,129
92,662139,915,2943,40,21,129
92,662140,915,2943,40,21,129
92,662141,915,2943,40,21,129
92,662142,915,2943,40,21,129
92,662143,915,2943,40,21,129
92,662144,915,2943,40,21,129
92,662145,915,2943,40,21,129
92,662146,915,2943,40,21,129
92,662147,915,2943,40,21,129
92,662148,915,2943,40,21,129
92,662149,915,2943,40,21,129
92,662150,915,2943,40,21,129
92,662151,915,2943,40,21,129
92,662153,915,2943,40,21,129
92,662154,915,2943,40,21,129
92,662155,915,2943,40,21,129
92,662156,915,2943,40,21,129
92,662157,915,2943,40,21,129
92,662158,915,2943,40,21,129
92,662159,915,2943,40,21,129
92,662160,915,2943,40,21,129
92,662161,915,2943,40,21,129
92,662162,915,2943,40,21,129
92,662163,915,2943,40,21,129
92,662164,915,2943,40,21,129
92,662165,915,2943,40,21,129
92,662166,915,2943,40,21,129
92,662167,915,2943,40,21,129
92,662168,915,2943,40,21,129
92,662169,915,2943,40,21,129
92,662170,915,2943,40,21,129
92,662171,915,2943,40,21,129
92,662172,915,2943,40,21,129
92,662173,915,2943,40,21,129
92,662174,915,2943,40,21,129
92,662175,915,2943,40,21,129
92,662176,915,2943,40,21,129
92,662177,915,2943,40,21,129
92,662178,915,2943,40,21,129
92,662179,915,2943,40,21,129
92,662180,915,2943,40,21,129
92,662181,915,2943,40,21,129
92,662182,915,2943,40,21,129
92,662183,915,2943,40,21,129
92,662184,915,2943,40,21,129
92,662185,915,2943,40,21,129
92,662186,915,2943,40,21,129
92,662187,915,2943,40,21,129
92,662188,915,2943,40,21,129
92,662189,915,2943,40,21,129
92,662190,915,2943,40,21,129
92,662191,915,2943,40,21,129
92,662192,915,2943,40,21,129
92,662193,915,2943,40,21,129
92,662194,915,2943,40,21,129
92,662195,915,2943,40,21,129
92,662196,915,2943,40,21,129
92,662197,915,2943,40,21,129
92,662198,915,2943,40,21,129
92,662199,915,2943,40,21,129
92,662200,915,2943,40,21,129
92,662201,915,2943,40,21,129
92,662202,915,2943,40,21,129
92,662203,915,2943,40,21,129
92,662204,915,2943,40,21,129
92,662205,915,2943,40,21,129
92,662206,915,2943,40,21,129
92,662207,915,2943,40,21,129
92,662208,915,2943,40,21,129
92,662209,915,2943,40,21,129
92,662210,915,2943,40,21,129
92,662211,915,2943,40,21,129
92,662212,915,2943,40,21,129
92,662213,915,2943,40,21,129
92,662214,915,2943,40,21,129
92,662215,915,2943,40,21,129
92,662216,915,2943,40,21,129
92,662217,915,2943,40,21,129
92,662218,915,2943,40,21,129
92,662219,915,2943,40,21,129
92,662220,915,2943,40,21,129
92,662221,915,2943,40,21,129
92,662222,915,2943,40,21,129
92,662223,915,2943,40,21,129
92,662224,915,2943,40,21,129
92,662225,915,2943,40,21,129
92,662226,915,2943,40,21,129
92,662227,915,2943,40,21,129
92,662228,915,2943,40,21,129
92,662229,915,2943,40,21,129
92,662230,915,2943,40,21,129
92,662231,915,2943,40,21,129
92,662232,915,2943,40,21,129
92,662233,915,2943,40,21,129
92,662234,915,2943,40,21,129
92,662235,915,2943,40,21,129
92,662236,915,2943,40,21,129
92,662237,915,2943,40,21,129
92,662238,915,2943,40,21,129
92,662239,915,2943,40,21,129
92,662240,915,2943,40,21,129
92,662241,915,2943,40,21,129
92,662242,915,2943,40,21,129
92,662243,915,2943,40,21,129
92,662244,915,2943,40,21,129
92,662245,915,2943,40,21,129
92,662246,915,2943,40,21,129
92,662247,915,2943,40,21,129
92,662248,915,2943,40,21,129
92,662249,915,2943,40,21,129
92,662250,915,2943,40,21,129
92,662251,915,2943,40,21,129
92,662252,915,2943,40,21,129
92,662253,915,2943,40,21,129
92,662254,915,2943,40,21,129
92,662255,915,2943,40,21,129
92,662256,915,2943,40,21,129
92,662257,915,2943,40,21,129
92,662258,915,2943,40,21,129
92,662259,915,2943,40,21,129
92,662260,915,2943,40,21,129
92,662261,915,2943,40,21,129
92,662262,915,2943,40,21,129
92,662263,915,2943,40,21,129
92,662264,915,2943,40,21,129
92,662265,915,2943,40,21,129
92,662266,915,2943,40,21,129
92,662267,915,2943,40,21,129
92,662268,915,2943,40,21,129
92,662269,915,2943,40,21,129
92,662270,915,2943,40,21,129
92,662271,915,2943,40,21,129
92,662272,915,2943,40,21,129
92,662273,915,2943,40,21,129
92,662274,915,2943,40,21,129
92,662275,915,2943,40,21,129
92,662276,915,2943,40,21,129
92,662277,915,2943,40,21,129
92,662278,915,2943,40,21,129
92,662279,915,2943,40,21,129
92,662280,915,2943,40,21,129
92,662281,915,2943,40,21,129
92,662282,915,2943,40,21,129
92,662283,915,2943,40,21,129
92,662284,915,2943,40,21,129
92,662285,915,2943,40,21,129
92,662286,915,2943,40,21,129
92,662287,915,2943,40,21,129
92,662288,915,2943,40,21,129
92,662289,915,2943,40,21,129
92,662290,915,2943,40,21,129
92,662291,915,2943,40,21,129
92,662292,915,2943,40,21,129
92,662293,915,2943,40,21,129
92,662294,915,2943,40,21,129
92,662295,915,2943,40,21,129
92,662296,915,2943,40,21,129
92,662297,915,2943,40,21,129
92,662298,915,2943,40,21,129
92,662299,915,2943,40,21,129
92,662300,915,2943,40,21,129
92,662301,915,2943,40,21,129
92,662302,915,2943,40,21,129
92,662303,915,2943,40,21,129
92,662304,915,2943,40,21,129
92,662305,915,2943,40,21,129
92,662306,915,2943,40,21,129
92,662307,915,2943,40,21,129
92,662308,915,2943,40,21,129
92,662309,915,2943,40,21,129
92,662310,915,2943,40,21,129
92,662311,915,2943,40,21,129
92,662312,915,2943,40,21,129
92,662313,915,2943,40,21,129
92,662314,915,2943,40,21,129
92,662315,915,2943,40,21,129
92,662316,915,2943,40,21,129
92,662317,915,2943,40,21,129
92,662318,915,2943,40,21,129
92,662319,915,2943,40,21,129
92,662320,915,2943,40,21,129
92,662321,915,2943,40,21,129
92,662322,915,2943,40,21,129
92,662323,915,2943,40,21,129
92,662324,915,2943,40,21,129
92,662325,915,2943,40,21,129
92,662326,915,2943,40,21,129
92,662327,915,2943,40,21,129
92,662328,915,2943,40,21,129
92,662329,915,2943,40,21,129
92,662330,915,2943,40,21,129
92,662331,915,2943,40,21,129
92,662332,915,2943,40,21,129
92,662333,915,2943,40,21,129
92,662334,915,2943,40,21,129
92,662335,915,2943,40,21,129
92,662336,915,2943,40,21,129
92,662337,915,2943,40,21,129
92,662338,915,2943,40,21,129
92,662339,915,2943,40,21,129
92,662340,915,2943,40,21,129
92,662341,915,2943,40,21,129
92,662342,915,2943,40,21,129
92,662343,915,2943,40,21,129
92,662344,915,2943,40,21,129
92,662345,915,2943,40,21,129
92,662346,915,2943,40,21,129
92,662347,915,2943,40,21,129
92,662348,915,2943,40,21,129
92,662349,915,2943,40,21,129
92,662350,915,2943,40,21,129
92,662351,915,2943,40,21,129
92,662352,915,2943,40,21,129
92,662353,915,2943,40,21,129
92,662354,915,2943,40,21,129
92,662355,915,2943,40,21,129
92,662356,915,2943,40,21,129
92,662357,915,2943,40,21,129
92,662358,915,2943,40,21,129
92,662359,915,2943,40,21,129
92,662360,915,2943,40,21,129
92,662361,915,2943,40,21,129
92,662362,915,2943,40,21,129
92,662363,915,2943,40,21,129
92,662364,915,2943,40,21,129
92,662365,915,2943,40,21,129
92,662366,915,2943,40,21,129
92,662367,915,2943,40,21,129
92,662368,915,2943,40,21,129
92,662369,915,2943,40,21,129
92,662370,915,2943,40,21,129
92,662371,915,2943,40,21,129
92,662372,915,2943,40,21,129
92,662373,915,2943,40,21,129
92,662374,915,2943,40,21,129
92,662375,915,2943,40,21,129
92,662376,915,2943,40,21,129
92,662377,915,2943,40,21,129
92,662378,915,2943,40,21,129
92,662379,915,2943,40,21,129
92,662380,915,2943,40,21,129
92,662381,915,2943,40,21,129
92,662382,915,2943,40,21,129
92,662383,915,2943,40,21,129
92,662384,915,2943,40,21,129
92,662385,915,2943,40,21,129
92,662386,915,2943,40,21,129
92,662387,915,2943,40,21,129
92,662388,915,2943,40,21,129
92,662389,915,2943,40,21,129
92,662390,915,2943,40,21,129
92,662391,915,2943,40,21,129
92,662392,915,2943,40,21,129
92,662393,915,2943,40,21,129
92,662394,915,2943,40,21,129
92,662395,915,2943,40,21,129
92,662396,915,2943,40,21,129
92,662397,915,2943,40,21,129
92,662398,915,2943,40,21,129
92,662399,915,2943,40,21,129
92,662400,915,2943,40,21,129
92,662401,915,2943,40,21,129
92,662402,915,2943,40,21,129
92,662403,915,2943,40,21,129
92,662404,915,2943,40,21,129
92,662405,915,2943,40,21,129
92,662406,915,2943,40,21,129
92,662407,915,2943,40,21,129
92,662408,915,2943,40,21,129
92,662409,915,2943,40,21,129
92,662410,915,2943,40,21,129
92,662411,915,2943,40,21,129
92,662412,915,2943,40,21,129
93,664314,210,3165,20,47,476
94,664734,35,3179,35,303,10
94,664735,35,3179,35,303,10
95,664765,575,3182,43,2,37
96,665187,12,3185,7,10,5
96,665189,12,3185,7,10,5
96,665191,12,3185,7,10,5
97,665519,829,3186,1,23,13
98,665687,2355,3187,211,38,181,3187,211,41,178,3187,216,45,174
98,665688,2355,3187,211,38,181,3187,211,41,178,3187,216,45,174
98,665689,2355,3187,211,38,181,3187,216,45,174
98,665690,2355,3187,211,38,181,3187,216,45,174
98,665691,2355,3187,211,38,181,3187,216,45,174
98,665692,2355,3187,211,38,181
98,665693,2355,3187,211,38,181
98,665694,2355,3187,211,38,181
98,665695,2355,3187,211,38,181,3187,216,45,174
98,665696,2355,3187,211,38,181,3187,216,45,174
98,665697,2355,3187,211,38,181,3187,216,45,174
98,665698,2355,3187,211,38,181,3187,216,45,174
98,665729,2355,3187,216,45,174
99,666239,181,3209,24,19,14
99,666240,181,3209,24,19,14
99,666241,181,3209,24,19,14
100,667657,1667,3210,90,93,778
100,667658,1667,3210,90,93,778
100,668298,1667,3210,693,681,190
101,678843,4576,2412,1296,5989,5694
102,689543,2836,3242,24,51,5352
102,689555,2836,3242,24,51,5352
102,696552,2836,3242,70,89,5314
103,713102,1456,3306,747,53,3
103,713301,1456,3306,747,53,3
103,713332,1456,3309,1456,55,1
104,713984,210,3313,172,78,87
106,736342,2274,3438,2139,2628,123
106,736363,2274,3438,2139,2628,123
107,741721,483,3460,447,71,6
107,741722,483,3460,447,71,6,3460,483,77,0
107,741723,483,3460,447,71,6
107,741724,483,3460,447,71,6,3460,483,77,0
107,741725,483,3460,447,71,6
107,741726,483,3460,447,71,6,3460,483,77,0
107,741727,483,3460,447,71,6,3460,483,77,0
108,742311,1426,3463,0,0,1076
109,758271,1685,256,0,0,29657,256,57,20,29638
109,760012,1685,256,57,20,29638
110,783564,66,3777,61,45,4
110,783566,66,3777,61,45,4
110,783568,66,3777,61,45,4
110,783570,66,3777,61,45,4
110,783572,66,3777,61,45,4
110,783574,66,3777,61,46,3
111,783706,1591,3779,557,357,2181
111,783709,1591,3779,557,357,2181
111,783711,1591,3779,557,357,2181
111,783712,1591,3779,557,357,2181
111,783713,1591,3779,557,357,2181
112,786272,462,3847,1,1,28
113,792825,357,3849,259,165,27
114,793622,40,3855,0,0,68
115,801765,3394,3857,441,115,140,3857,445,123,132,3857,469,133,122,3857,686,172,83,3865,903,197,58,3857,903,198,57,3857,998,201,54
116,802056,962,3873,340,86,68
116,802057,962,3873,340,86,68
116,802058,962,3873,340,86,68
116,802059,962,3873,340,86,68
116,802060,962,3873,340,86,68
117,805395,1306,3877,53,18,7
118,812681,1476,3881,0,3,352
118,812682,1476,3881,0,3,352
118,812683,1476,3881,0,3,352
119,814118,1175,3893,1175,36,1
120,814419,386,3897,282,90,2
120,814420,386,3897,282,90,2
121,814443,1311,3899,0,0,38
122,814604,330,3903,0,0,14
124,825157,106,4277,7,5,437,4278,7,6,436,4278,8,8,434,4278,11,9,433,4280,14,17,425,4280,14,20,422,4280,14,22,420
125,826068,333,4292,141,14,28
125,826070,333,4292,141,14,28
125,826072,333,4292,141,14,28
126,826865,3,4295,0,23,3
127,889001,0,4296,0,0,1
127,889002,0,4296,0,0,1
127,889012,0,4296,0,0,1
127,889013,0,4296,0,0,1
127,889014,0,4296,0,0,1
127,889217,0,4296,0,0,1
128,898972,1331,4297,0,1,120
129,899866,3,4299,0,1,6
131,903462,138,4339,119,59,44
132,909829,2240,4385,1398,4049,12
133,910065,87,4396,37,86,353
134,910829,133,4404,68,428,230
134,910848,133,4404,75,443,215
135,925039,259,4409,2,27,571
135,925040,259,4409,2,27,571
136,928718,96,4414,72,62,32
137,930202,210,4417,131,466,207
137,930207,210,4417,131,468,205
137,930209,210,4417,131,468,205
137,930224,210,4418,133,494,179
137,930260,210,4417,137,532,141
137,930262,210,4417,137,532,141
137,930263,210,4417,137,532,141
137,930264,210,4417,137,532,141
137,930265,210,4417,137,532,141
137,930266,210,4417,137,532,141
138,932869,193,4424,0,0,43
139,933188,666,4445,638,380,96
140,933390,1749,4450,108,289,155
141,933910,89,4486,0,46,140
142,934475,2031,4490,634,1468,360,4490,723,1510,318
143,934779,1158,4505,52,25,68,4505,1131,88,5
144,935448,1,4510,0,1,3
145,935557,38,4511,0,0,5
146,935867,1120,4512,16,16,592
147,948135,37,4515,0,2,16
147,948293,37,4515,0,2,16
147,948440,37,4515,0,2,16
148,949860,167,4520,44,49,397
148,949861,167,4520,44,49,397
148,949862,167,4520,44,49,397
148,956635,167,4524,131,302,144
148,956636,167,4524,131,302,144
148,956637,167,4524,131,302,144
148,956930,167,4521,167,446,0
148,956931,167,4521,167,446,0
148,956932,167,4521,167,446,0
148,956934,167,4521,167,446,0
148,956935,167,4521,167,446,0
148,956936,167,4521,167,446,0
149,957436,866,4531,21,42,139,4532,21,46,135,4532,29,78,103,4532,41,88,93
149,957437,866,4531,21,42,139,4532,21,46,135,4532,29,78,103,4532,41,88,93
151,971868,261,4592,131,73,274
152,1016988,2184,4598,667,2673,768
152,1053494,2184,4598,814,2815,626
153,1063843,100,4611,75,1238,718
153,1063844,100,4611,75,1238,718,4611,75,1240,716,4611,97,1681,275
154,1064504,499,4645,95,22,7
155,1066226,129,4648,62,86,33
155,1066227,129,4648,62,86,33
156,1066785,1151,4652,115,345,290
157,1071972,1325,4667,1147,3037,344,4667,1157,3058,323,4667,1186,3159,222,4667,1288,3304,77,4667,1291,3308,73,4667,1303,3342,39
158,1072263,1505,4669,647,59,80
159,1072569,3680,3857,441,274,283,3862,503,317,240,3862,504,318,239,3862,504,319,238,3862,505,322,235,3862,802,377,180,3862,802,379,178,3865,903,411,146,3857,903,412,145,3857,977,420,137
160,1072730,703,4686,240,9,21
161,1078413,6,4689,0,1,2
162,1081451,118,4694,93,9,13
163,1092951,5029,4717,1442,9326,19387
163,1092952,5029,4717,1442,9326,19387
164,1123885,1011,4919,1011,16,4
165,1124615,1337,4921,51,43,171
166,1132567,0,4923,0,0,2
166,1132569,0,4923,0,0,2
167,1134299,209,4926,206,43,15
168,1134929,694,4930,30,215,250
169,1136849,42,4941,0,0,69,4941,0,1,68,4941,0,2,67,4941,16,49,20,4941,17,53,16
170,1140833,27,4942,25,35,29
170,1140834,27,4942,25,37,27
171,1141300,2273,4949,1557,687,188
171,1141301,2273,4949,1557,687,188
171,1141302,2273,4949,1557,687,188
171,1141303,2273,4949,1557,687,188
171,1141304,2273,4949,1557,687,188
171,1141305,2273,4949,1557,687,188
171,1141306,2273,4949,1557,687,188
171,1141307,2273,4949,1557,687,188
171,1141308,2273,4949,1557,687,188
171,1141309,2273,4949,1557,687,188
171,1141310,2273,4949,1557,687,188
171,1141311,2273,4949,1557,687,188
171,1141312,2273,4949,1557,687,188
171,1141313,2273,4949,1557,687,188
171,1141314,2273,4949,1557,687,188
171,1141315,2273,4949,1557,687,188
171,1141316,2273,4949,1557,687,188
171,1141317,2273,4949,1557,687,188
171,1141318,2273,4949,1557,687,188
171,1141319,2273,4949,1557,687,188
171,1141320,2273,4949,1557,687,188
171,1141321,2273,4949,1557,687,188
171,1141322,2273,4949,1557,687,188
171,1141323,2273,4949,1557,687,188
171,1141324,2273,4949,1557,687,188
171,1141325,2273,4949,1557,687,188
171,1141326,2273,4949,1557,687,188
171,1141327,2273,4949,1557,687,188
171,1141328,2273,4949,1557,687,188
171,1141329,2273,4949,1557,687,188
171,1141330,2273,4949,1557,687,188
171,1141331,2273,4949,1557,687,188
171,1141332,2273,4949,1557,687,188
171,1141333,2273,4949,1557,687,188
171,1141334,2273,4949,1557,687,188
171,1141335,2273,4949,1557,687,188
171,1141336,2273,4949,1557,687,188
171,1141337,2273,4949,1557,687,188
171,1141338,2273,4949,1557,687,188
171,1141339,2273,4949,1557,687,188
171,1141340,2273,4949,1557,687,188
171,1141341,2273,4949,1557,687,188
171,1141342,2273,4949,1557,687,188
171,1141343,2273,4949,1557,687,188
171,1141344,2273,4949,1557,687,188
171,1141345,2273,4949,1557,687,188
171,1141346,2273,4949,1557,687,188
171,1141347,2273,4949,1557,687,188
171,1141348,2273,4949,1557,687,188
171,1141349,2273,4949,1557,687,188
171,1141350,2273,4949,1557,687,188
171,1141351,2273,4949,1557,687,188
171,1141352,2273,4949,1557,687,188
171,1141353,2273,4949,1557,687,188
172,1143694,3,4979,3,1,0
173,1160985,23,4980,7,58,28,4980,7,59,27,4980,8,81,5
174,1171994,15,4981,0,0,14
174,1171995,15,4981,0,0,14
175,1191926,211,4982,0,1,774
175,1191927,211,4982,0,1,774
176,1206352,130,5037,0,3,54,5036,2,25,32
177,1211590,1,5039,1,1,0
177,1211700,1,5039,1,1,0
177,1213499,1,5039,1,1,0
177,1213647,1,5039,1,1,0
177,1213649,1,5039,1,1,0
177,1213794,1,5039,1,1,0
177,1213796,1,5039,1,1,0
178,1215140,42,5044,42,33,6
179,1215320,50,5048,0,0,6
180,1221226,1014,5050,55,16,50
180,1221236,1014,5050,55,16,50
180,1221255,1014,5050,55,16,50
180,1224384,1014,3506,693,58,8
180,1224394,1014,3506,693,58,8
180,1224425,1014,3506,693,58,8
181,1228774,136,5054,98,13,293,5054,98,15,291,5054,99,16,290,5054,99,17,289,5054,99,18,288,5054,100,82,224,5054,100,87,219,5054,101,120,186,5054,121,288,18,5054,121,289,17
182,1228998,23,5059,23,68,2
183,1229031,0,5061,0,0,1
184,1229362,2208,5062,192,22,355
185,1232047,60,5066,8,12,32
186,1232975,112,5068,0,0,217
186,1235058,112,5068,0,0,217
186,1235060,112,5068,0,0,217
186,1235070,112,5068,0,0,217
186,1235072,112,5068,0,0,217
186,1235073,112,5068,0,0,217
186,1235075,112,5068,0,0,217
186,1235079,112,5068,0,0,217
187,1242177,1644,5075,0,0,385
187,1242178,1644,5075,0,0,385
187,1242179,1644,5075,0,0,385
188,1253297,565,5084,509,7,4
188,1254402,565,5084,509,7,4
189,1260494,458,5085,458,71,0
190,1260605,192,5086,48,11,36
191,1260888,20,5094,20,71,1
192,1266853,2113,5098,191,1382,5511
193,1340383,75,5304,71,7,2
194,1344524,236,5305,236,16,0
195,1347532,8,5307,0,10,62
196,1354859,1644,5320,1112,1817,2103
196,1355573,1644,5308,332,319,3601
197,1368409,42,5351,37,168,127,5351,40,234,61,5351,42,280,15
199,1371996,970,5365,383,931,330
200,1374415,59,5377,42,96,6,5380,45,99,3
201,1374541,55,5383,8,4,16
202,1374803,3584,3857,631,163,412,3857,635,170,405,3861,672,195,380,3861,674,200,375,3861,862,236,339,3861,883,247,328,3861,883,248,327,3861,884,251,324,3861,884,252,323,3861,888,258,317,3861,891,267,308,3865,1093,326,249,3857,1093,327,248,3857,1149,328,247,3861,1253,338,237,3861,1253,342,233,3861,1255,347,228,3861,1283,372,203,3861,1284,374,201,3861,1288,384,191,3861,1299,408,167,3861,1299,409,166,3861,1306,419,156,3861,1324,431,144,3861,1326,434,141,3861,1347,467,108,3861,1348,469,106,3861,1365,493,82,3861,1365,495,80,3861,1390,510,65,3861,1435,536,39
203,1376350,0,5390,0,1,3
203,1376352,0,5390,0,1,3
203,1376495,0,5390,0,1,3
203,1376497,0,5390,0,1,3
204,1377767,1059,5392,294,246,130
205,1377986,117,5399,15,130,509,5400,35,557,82,5400,35,585,54
206,1378942,0,5403,0,1,0
207,1379543,121,5405,3,85,562
207,1379546,121,5405,3,88,559
208,1381178,82,5414,50,295,188,5414,62,411,72
208,1381294,82,5414,80,439,44
208,1381314,82,5408,80,442,41
208,1381315,82,5408,80,442,41
208,1381317,82,5408,80,443,40
209,1384572,0,4481,0,1,1
210,1394307,11,5417,0,0,1
210,1398144,11,5417,11,1,0
211,1407329,5645,5429,2240,2959,646
212,1414455,1281,5439,35,232,262,5439,35,233,261,5439,39,399,95
213,1417597,182,5446,13,5,6
214,1417718,14,5448,13,50,6
215,1417814,36,5451,36,46,1
215,1417816,36,5451,36,46,1
216,1418882,1252,5458,33,169,1062
217,1422353,0,5479,0,0,0
218,1427145,3780,5481,162,780,8937,5488,238,1449,8268
218,1434882,3780,5483,889,6495,3222
219,1450390,39,5514,30,50,22
220,1450826,321,5525,126,236,305,5525,134,246,295
220,1450827,321,5525,126,236,305
220,1450828,321,5525,126,236,305
220,1450829,321,5525,126,236,305
220,1450830,321,5525,126,236,305
220,1450831,321,5525,126,236,305
220,1450832,321,5525,126,236,305,5525,134,246,295
220,1450833,321,5525,126,236,305,5525,134,246,295
220,1450834,321,5525,126,236,305,5525,134,246,295
220,1450835,321,5525,126,236,305,5525,134,246,295
220,1450836,321,5525,126,236,305,5525,134,246,295
220,1450837,321,5525,126,236,305,5525,134,246,295
220,1450838,321,5525,126,236,305,5525,134,246,295
220,1450839,321,5525,126,236,305,5525,134,246,295
220,1450840,321,5525,126,236,305
220,1450841,321,5525,126,236,305
220,1450850,321,5525,134,246,295
220,1450939,321,5528,253,387,154
221,1451886,88,5530,45,25,36
223,1452519,1388,5532,595,42,29
224,1452865,1796,5536,1012,242,762
225,1453286,496,5563,463,207,2
226,1453579,87,5568,22,16,154
228,1454321,6,5575,0,1,20
228,1454323,6,5575,0,1,20
228,1455880,6,5575,0,1,20
228,1455882,6,5575,0,1,20
228,1458935,6,5575,0,1,20
228,1458937,6,5575,0,1,20
229,1484506,1531,5578,0,0,30
229,1484617,1531,5578,0,0,30
230,1495326,46,5582,43,282,31
231,1504444,3511,4717,1442,8236,11860
231,1504445,3511,4717,1442,8236,11860
232,1517252,34,5587,0,3,11,5587,1,7,7
233,1517337,1918,5594,32,12,151
234,1518482,2390,5598,766,83,50
235,1518633,347,5605,103,32,196,5604,118,53,175,5604,118,54,174,5610,164,104,124
235,1518763,347,5605,134,83,145,5605,134,85,143,5610,164,104,124
235,1518766,347,5605,134,85,143,5610,164,104,124
236,1519293,306,5614,8,2,1
236,1519294,306,5614,8,2,1
237,1519358,3394,3857,441,35,63,3857,998,67,31
238,1521038,163,5616,0,0,14
238,1521186,163,5616,0,0,14
238,1521188,163,5616,0,0,14
238,1521338,163,5616,0,0,14
238,1521340,163,5616,0,0,14
239,1523354,698,5620,637,13,16
239,1523355,698,5620,637,13,16
239,1523405,698,5620,653,23,6
239,1523408,698,5620,653,23,6
239,1523412,698,5620,653,23,6
240,1523440,9,5623,5,5,3
241,1523627,42,5625,20,81,522
241,1523629,42,5625,20,81,522
241,1523631,42,5625,20,86,517
241,1523632,42,5625,20,86,517
242,1524039,5435,5632,0,0,186
243,1525053,104,5641,57,24,45
244,1525809,28,5644,0,1,3
245,1527031,595,5645,260,205,221
246,1527606,127,5648,49,19,136
246,1527607,127,5648,49,19,136
246,1527608,127,5648,49,19,136
246,1527609,127,5648,49,19,136
246,1527610,127,5648,49,19,136
246,1527625,127,5648,49,19,136
246,1527626,127,5648,49,19,136
246,1527627,127,5648,49,19,136
246,1527628,127,5648,49,19,136
246,1527629,127,5648,49,19,136
246,1527630,127,5648,49,19,136
246,1527631,127,5648,49,19,136
246,1527774,127,5652,119,68,87
246,1527775,127,5652,119,68,87
246,1527776,127,5652,119,68,87
246,1527777,127,5652,119,68,87
246,1527778,127,5652,119,68,87
246,1527793,127,5652,119,68,87
246,1527794,127,5652,119,68,87
246,1527795,127,5652,119,68,87
246,1527796,127,5652,119,68,87
246,1527797,127,5652,119,68,87
246,1527798,127,5652,119,68,87
246,1527799,127,5652,119,68,87
247,1528547,85,5656,85,265,2
248,1528592,1115,5659,37,108,111,5659,37,109,110,5659,41,115,104
249,1533142,1307,5678,1014,2784,1115
249,1533291,1307,5678,1014,2784,1115
250,1536414,106,5711,106,36,0
251,1537126,39,5718,35,376,143,5718,36,444,75,5718,38,499,20
251,1537130,39,5718,35,376,143,5718,36,444,75,5718,38,499,20
252,1537499,1217,5721,90,19,85
253,1540198,1162,5725,763,91,75
254,1541076,50,5734,8,9,71
255,1543468,1321,5738,0,0,69
256,1544572,563,5742,45,8,188
257,1551101,107,5753,86,148,5
258,1554487,8,5755,0,22,29
258,1554488,8,5755,0,22,29
258,1554489,8,5755,0,22,29
260,1564959,386,5756,147,109,165
260,1564975,386,5756,147,109,165
261,1565239,3,5758,0,2,9
262,1565259,179,5760,0,3,8
263,1565570,55,5763,1,11,3
264,1565930,1260,5767,89,3,10
264,1565931,1260,5767,89,3,10
264,1565932,1260,5767,89,3,10
264,1565933,1260,5767,89,3,10
264,1565934,1260,5767,89,3,10
264,1565935,1260,5767,89,3,10
264,1565936,1260,5767,89,3,10
264,1565937,1260,5767,89,3,10
264,1565938,1260,5767,89,3,10
264,1565939,1260,5767,89,3,10
264,1565940,1260,5767,89,3,10
264,1565941,1260,5767,89,3,10
264,1565942,1260,5767,89,3,10
264,1565943,1260,5767,89,3,10
264,1565944,1260,5767,89,3,10
264,1565945,1260,5767,89,3,10
264,1565946,1260,5767,89,3,10
264,1565947,1260,5767,89,3,10
264,1565948,1260,5767,89,3,10
264,1565949,1260,5767,89,3,10
264,1565950,1260,5767,89,3,10
264,1565951,1260,5767,89,3,10
264,1565952,1260,5767,89,3,10
264,1565953,1260,5767,89,3,10
264,1565954,1260,5767,89,3,10
264,1565955,1260,5767,89,3,10
264,1565956,1260,5767,89,3,10
264,1565957,1260,5767,89,3,10
264,1565958,1260,5767,89,3,10
264,1565959,1260,5767,89,3,10
264,1565960,1260,5767,89,3,10
264,1565961,1260,5767,89,3,10
264,1565962,1260,5767,89,3,10
264,1565963,1260,5767,89,3,10
264,1565964,1260,5767,89,3,10
264,1565965,1260,5767,89,3,10
264,1565966,1260,5767,89,3,10
264,1565967,1260,5767,89,3,10
264,1565968,1260,5767,89,3,10
264,1565969,1260,5767,89,3,10
266,1566767,722,5772,8,54,55
267,1567523,12,5776,12,25,4
267,1567524,12,5776,12,27,2
268,1568170,0,5778,0,1,0
269,1569667,140,5783,13,9,522
270,1570295,627,5786,0,0,4
271,1571961,180,5787,177,481,29,5787,178,484,26
272,1572615,105,5804,69,356,124
273,1572870,45,5808,37,31,24,5810,45,53,2
274,1572987,816,5815,132,38,20
275,1573611,1387,5822,76,73,140
275,1573613,1387,5822,76,73,140
276,1573867,0,5825,0,1,0
276,1573869,0,5825,0,1,0
277,1574014,392,5826,25,11,12
278,1574100,375,5827,0,3,104,5832,209,42,65
279,1574606,0,5837,0,1,2
280,1574725,185,5842,76,12,11
281,1575826,451,5843,48,53,38
282,1576123,290,5846,0,0,2
282,1576131,290,5846,290,2,0
284,1579482,40,5860,32,253,159
285,1593604,126,5864,38,35,48
285,1593713,126,5864,38,35,48
285,1595566,126,5864,38,35,48
285,1595714,126,5864,38,35,48
285,1595716,126,5864,38,35,48
285,1595865,126,5864,38,35,48
285,1595867,126,5864,38,35,48
285,1598168,126,5864,39,39,44
286,1599857,97,5865,35,4,3
286,1599870,97,5867,97,7,0
287,1600509,18,5869,18,1391,11
288,1600555,36,5915,15,11,36,5915,22,19,28,5915,29,32,15
289,1600638,133,5916,0,1,9
290,1600781,11,5918,11,4,3
291,1601216,162,5921,116,181,25,5923,127,201,5
292,1601755,451,5924,0,1,26
292,1601756,451,5924,0,1,26
292,1601765,451,5924,0,1,26
293,1603109,830,5926,107,11,29
293,1603110,830,5926,107,11,29
293,1603111,830,5926,107,11,29
293,1603112,830,5926,107,11,29
293,1603113,830,5926,107,11,29
293,1603115,830,5926,107,11,29
293,1603116,830,5926,107,11,29
293,1603117,830,5926,107,11,29
293,1603118,830,5926,107,11,29
293,1603119,830,5926,107,11,29
293,1603120,830,5926,107,11,29
293,1603121,830,5926,107,11,29
293,1603122,830,5926,107,11,29
293,1603123,830,5926,107,11,29
293,1603124,830,5926,107,11,29
293,1603125,830,5926,107,11,29
293,1603126,830,5926,107,11,29
293,1603127,830,5926,107,11,29
293,1603128,830,5926,107,11,29
293,1603129,830,5926,107,11,29
293,1603130,830,5926,107,11,29
293,1603131,830,5926,107,11,29
293,1603132,830,5926,107,11,29
293,1603133,830,5926,107,11,29
293,1603134,830,5926,107,11,29
293,1603135,830,5926,107,11,29
293,1603136,830,5926,107,11,29
293,1603137,830,5926,107,11,29
293,1603138,830,5926,107,11,29
293,1603139,830,5926,107,11,29
293,1603140,830,5926,107,11,29
293,1603141,830,5926,107,11,29
293,1603142,830,5926,107,11,29
293,1603144,830,5926,107,11,29
293,1603145,830,5926,107,11,29
293,1603146,830,5926,107,11,29
293,1603147,830,5926,107,11,29
293,1603148,830,5926,107,11,29
293,1603149,830,5926,107,11,29
293,1603150,830,5926,107,11,29
293,1603151,830,5926,107,11,29
293,1603152,830,5926,107,11,29
293,1603153,830,5926,107,11,29
293,1603155,830,5926,107,11,29
293,1603156,830,5926,107,11,29
293,1603157,830,5926,107,11,29
293,1603158,830,5926,107,11,29
293,1603159,830,5926,107,11,29
293,1603160,830,5926,107,11,29
293,1603161,830,5926,107,11,29
293,1603163,830,5926,107,11,29
293,1603164,830,5926,107,11,29
293,1603166,830,5926,107,11,29
293,1603167,830,5926,107,11,29
293,1603168,830,5926,107,11,29
293,1603169,830,5926,107,11,29
293,1603170,830,5926,107,11,29
293,1603171,830,5926,107,11,29
293,1603172,830,5926,107,11,29
293,1603173,830,5926,107,11,29
293,1603174,830,5926,107,11,29
293,1603175,830,5926,107,11,29
293,1603178,830,5926,107,11,29
293,1603179,830,5926,107,11,29
293,1603180,830,5926,107,11,29
293,1603181,830,5926,107,11,29
293,1603182,830,5926,107,11,29
293,1603183,830,5926,107,11,29
293,1603184,830,5926,107,11,29
293,1603185,830,5926,107,11,29
293,1603186,830,5926,107,11,29
293,1603187,830,5926,107,11,29
293,1603188,830,5926,107,11,29
293,1603189,830,5926,107,11,29
293,1603190,830,5926,107,11,29
293,1603191,830,5926,107,11,29
293,1603192,830,5926,107,11,29
293,1603193,830,5926,107,11,29
293,1603421,830,5926,193,17,23
293,1603422,830,5926,193,17,23
293,1603423,830,5926,193,17,23
293,1603424,830,5926,193,17,23
293,1603425,830,5926,193,17,23
293,1603427,830,5926,193,17,23
293,1603428,830,5926,193,17,23
293,1603429,830,5926,193,17,23
293,1603430,830,5926,193,17,23
293,1603431,830,5926,193,17,23
293,1603432,830,5926,193,17,23
293,1603433,830,5926,193,17,23
293,1603434,830,5926,193,17,23
293,1603435,830,5926,193,17,23
293,1603436,830,5926,193,17,23
293,1603437,830,5926,193,17,23
293,1603438,830,5926,193,17,23
293,1603439,830,5926,193,17,23
293,1603440,830,5926,193,17,23
293,1603441,830,5926,193,17,23
293,1603442,830,5926,193,17,23
293,1603443,830,5926,193,17,23
293,1603444,830,5926,193,17,23
293,1603445,830,5926,193,17,23
293,1603446,830,5926,193,17,23
293,1603447,830,5926,193,17,23
293,1603448,830,5926,193,17,23
293,1603449,830,5926,193,17,23
293,1603450,830,5926,193,17,23
293,1603451,830,5926,193,17,23
293,1603452,830,5926,193,17,23
293,1603453,830,5926,193,17,23
293,1603454,830,5926,193,17,23
293,1603456,830,5926,193,17,23
293,1603457,830,5926,193,17,23
293,1603458,830,5926,193,17,23
293,1603459,830,5926,193,17,23
293,1603460,830,5926,193,17,23
293,1603461,830,5926,193,17,23
293,1603462,830,5926,193,17,23
293,1603463,830,5926,193,17,23
293,1603464,830,5926,193,17,23
293,1603465,830,5926,193,17,23
293,1603467,830,5926,193,17,23
293,1603468,830,5926,193,17,23
293,1603469,830,5926,193,17,23
293,1603470,830,5926,193,17,23
293,1603471,830,5926,193,17,23
293,1603472,830,5926,193,17,23
293,1603473,830,5926,193,17,23
293,1603475,830,5926,193,17,23
293,1603476,830,5926,193,17,23
293,1603478,830,5926,193,17,23
293,1603479,830,5926,193,17,23
293,1603480,830,5926,193,17,23
293,1603481,830,5926,193,17,23
293,1603482,830,5926,193,17,23
293,1603483,830,5926,193,17,23
293,1603484,830,5926,193,17,23
293,1603485,830,5926,193,17,23
293,1603486,830,5926,193,17,23
293,1603487,830,5926,193,17,23
293,1603489,830,5926,193,17,23
293,1603491,830,5926,193,17,23
293,1603492,830,5926,193,17,23
293,1603493,830,5926,193,17,23
293,1603494,830,5926,193,17,23
293,1603495,830,5926,193,17,23
293,1603496,830,5926,193,17,23
293,1603497,830,5926,193,17,23
293,1603498,830,5926,193,17,23
293,1603499,830,5926,193,17,23
293,1603500,830,5926,193,17,23
293,1603501,830,5926,193,17,23
293,1603502,830,5926,193,17,23
293,1603503,830,5926,193,17,23
293,1603504,830,5926,193,17,23
293,1603505,830,5926,193,17,23
293,1603506,830,5926,193,17,23
293,1603507,830,5926,193,17,23
293,1603719,830,5928,242,18,22,5926,456,26,14
293,1603720,830,5928,242,18,22,5926,456,26,14
293,1603721,830,5928,242,18,22,5926,456,26,14
293,1603722,830,5928,242,18,22,5926,456,26,14
293,1603723,830,5928,242,18,22,5926,456,26,14
293,1603724,830,5928,242,18,22,5926,456,26,14
293,1603725,830,5928,242,18,22,5926,456,26,14
293,1603726,830,5928,242,18,22,5926,456,26,14
293,1603727,830,5928,242,18,22,5926,456,26,14
293,1603728,830,5928,242,18,22,5926,456,26,14
293,1603729,830,5928,242,18,22,5926,456,26,14
293,1603730,830,5928,242,18,22,5926,456,26,14
293,1603731,830,5928,242,18,22,5926,456,26,14
293,1603732,830,5928,242,18,22,5926,456,26,14
293,1603733,830,5928,242,18,22,5926,456,26,14
293,1603734,830,5928,242,18,22,5926,456,26,14
293,1603735,830,5928,242,18,22,5926,456,26,14
293,1603736,830,5928,242,18,22,5926,456,26,14
293,1603737,830,5928,242,18,22,5926,456,26,14
293,1603738,830,5928,242,18,22,5926,456,26,14
293,1603739,830,5928,242,18,22,5926,456,26,14
293,1603740,830,5928,242,18,22,5926,456,26,14
293,1603741,830,5928,242,18,22,5926,456,26,14
293,1603742,830,5928,242,18,22,5926,456,26,14
293,1603743,830,5928,242,18,22,5926,456,26,14
293,1603744,830,5928,242,18,22,5926,456,26,14
293,1603745,830,5928,242,18,22,5926,456,26,14
293,1603746,830,5928,242,18,22,5926,456,26,14
293,1603747,830,5928,242,18,22,5926,456,26,14
293,1603748,830,5928,242,18,22,5926,456,26,14
293,1603749,830,5928,242,18,22,5926,456,26,14
293,1603750,830,5928,242,18,22,5926,456,26,14
293,1603751,830,5928,242,18,22,5926,456,26,14
293,1603753,830,5928,242,18,22,5926,456,26,14
293,1603754,830,5928,242,18,22,5926,456,26,14
293,1603755,830,5928,242,18,22,5926,456,26,14
293,1603756,830,5928,242,18,22,5926,456,26,14
293,1603757,830,5928,242,18,22,5926,456,26,14
293,1603758,830,5928,242,18,22,5926,456,26,14
293,1603759,830,5928,242,18,22,5926,456,26,14
293,1603760,830,5928,242,18,22,5926,456,26,14
293,1603761,830,5928,242,18,22,5926,456,26,14
293,1603762,830,5928,242,18,22,5926,456,26,14
293,1603764,830,5928,242,18,22,5926,456,26,14
293,1603765,830,5928,242,18,22,5926,456,26,14
293,1603766,830,5928,242,18,22,5926,456,26,14
293,1603767,830,5928,242,18,22,5926,456,26,14
293,1603768,830,5928,242,18,22,5926,456,26,14
293,1603769,830,5928,242,18,22,5926,456,26,14
293,1603770,830,5928,242,18,22,5926,456,26,14
293,1603771,830,5928,242,18,22,5926,456,26,14
293,1603772,830,5928,242,18,22,5926,456,26,14
293,1603773,830,5928,242,18,22,5926,456,26,14
293,1603775,830,5928,242,18,22,5926,456,26,14
293,1603776,830,5928,242,18,22,5926,456,26,14
293,1603777,830,5928,242,18,22,5926,456,26,14
293,1603779,830,5928,242,18,22,5926,456,26,14
293,1603780,830,5928,242,18,22,5926,456,26,14
293,1603781,830,5928,242,18,22,5926,456,26,14
293,1603782,830,5928,242,18,22,5926,456,26,14
293,1603783,830,5928,242,18,22,5926,456,26,14
293,1603784,830,5928,242,18,22,5926,456,26,14
293,1603785,830,5928,242,18,22,5926,456,26,14
293,1603786,830,5928,242,18,22,5926,456,26,14
293,1603788,830,5928,242,18,22,5926,456,26,14
293,1603789,830,5928,242,18,22,5926,456,26,14
293,1603790,830,5928,242,18,22,5926,456,26,14
293,1603791,830,5928,242,18,22,5926,456,26,14
293,1603792,830,5928,242,18,22,5926,456,26,14
293,1603793,830,5928,242,18,22,5926,456,26,14
293,1603794,830,5928,242,18,22,5926,456,26,14
293,1603796,830,5928,242,18,22,5926,456,26,14
293,1603797,830,5928,242,18,22,5926,456,26,14
293,1603798,830,5928,242,18,22,5926,456,26,14
293,1603799,830,5928,242,18,22,5926,456,26,14
293,1603800,830,5928,242,18,22,5926,456,26,14
293,1603801,830,5928,242,18,22,5926,456,26,14
293,1603802,830,5928,242,18,22,5926,456,26,14
293,1603803,830,5928,242,18,22,5926,456,26,14
293,1603804,830,5928,242,18,22,5926,456,26,14
293,1603805,830,5928,242,18,22,5926,456,26,14
293,1603806,830,5928,242,18,22,5926,456,26,14
293,1603807,830,5928,242,18,22,5926,456,26,14
293,1603808,830,5928,242,18,22,5926,456,26,14
293,1603809,830,5928,242,18,22,5926,456,26,14
293,1603810,830,5928,242,18,22,5926,456,26,14
293,1603811,830,5928,242,18,22,5926,456,26,14
293,1603812,830,5928,242,18,22,5926,456,26,14
293,1603813,830,5928,242,18,22,5926,456,26,14
293,1603866,830,5926,456,26,14
293,1604447,830,5930,683,32,8
293,1604448,830,5930,683,32,8
293,1604449,830,5930,683,32,8
293,1604450,830,5930,683,32,8
293,1604451,830,5930,683,32,8
293,1604453,830,5930,683,32,8
293,1604454,830,5930,683,32,8
293,1604455,830,5930,683,32,8
293,1604456,830,5930,683,32,8
293,1604457,830,5930,683,32,8
293,1604458,830,5930,683,32,8
293,1604459,830,5930,683,32,8
293,1604460,830,5930,683,32,8
293,1604461,830,5930,683,32,8
293,1604462,830,5930,683,32,8
293,1604463,830,5930,683,32,8
293,1604464,830,5930,683,32,8
293,1604465,830,5930,683,32,8
293,1604466,830,5930,683,32,8
293,1604467,830,5930,683,32,8
293,1604468,830,5930,683,32,8
293,1604469,830,5930,683,32,8
293,1604470,830,5930,683,32,8
293,1604471,830,5930,683,32,8
293,1604472,830,5930,683,32,8
293,1604473,830,5930,683,32,8
293,1604474,830,5930,683,32,8
293,1604475,830,5930,683,32,8
293,1604476,830,5930,683,32,8
293,1604477,830,5930,683,32,8
293,1604478,830,5930,683,32,8
293,1604479,830,5930,683,32,8
293,1604480,830,5930,683,32,8
293,1604482,830,5930,683,32,8
293,1604483,830,5930,683,32,8
293,1604484,830,5930,683,32,8
293,1604485,830,5930,683,32,8
293,1604486,830,5930,683,32,8
293,1604487,830,5930,683,32,8
293,1604488,830,5930,683,32,8
293,1604489,830,5930,683,32,8
293,1604490,830,5930,683,32,8
293,1604491,830,5930,683,32,8
293,1604493,830,5930,683,32,8
293,1604495,830,5930,683,32,8
293,1604496,830,5930,683,32,8
293,1604497,830,5930,683,32,8
293,1604498,830,5930,683,32,8
293,1604499,830,5930,683,32,8
293,1604500,830,5930,683,32,8
293,1604501,830,5930,683,32,8
293,1604502,830,5930,683,32,8
293,1604504,830,5930,683,32,8
293,1604506,830,5930,683,32,8
293,1604507,830,5930,683,32,8
293,1604508,830,5930,683,32,8
293,1604509,830,5930,683,32,8
293,1604510,830,5930,683,32,8
293,1604511,830,5930,683,32,8
293,1604512,830,5930,683,32,8
293,1604513,830,5930,683,32,8
293,1604515,830,5930,683,32,8
293,1604516,830,5930,683,32,8
293,1604517,830,5930,683,32,8
293,1604724,830,5930,683,32,8
293,1604725,830,5930,683,32,8
293,1604726,830,5930,683,32,8
293,1604727,830,5930,683,32,8
293,1604728,830,5930,683,32,8
293,1604730,830,5930,683,32,8
293,1604731,830,5930,683,32,8
293,1604732,830,5930,683,32,8
293,1604733,830,5930,683,32,8
293,1604734,830,5930,683,32,8
293,1604735,830,5930,683,32,8
293,1604736,830,5930,683,32,8
293,1604737,830,5930,683,32,8
293,1604738,830,5930,683,32,8
293,1604739,830,5930,683,32,8
293,1604740,830,5930,683,32,8
293,1604741,830,5930,683,32,8
293,1604742,830,5930,683,32,8
293,1604743,830,5930,683,32,8
293,1604744,830,5930,683,32,8
293,1604745,830,5930,683,32,8
293,1604746,830,5930,683,32,8
293,1604747,830,5930,683,32,8
293,1604748,830,5930,683,32,8
293,1604749,830,5930,683,32,8
293,1604750,830,5930,683,32,8
293,1604751,830,5930,683,32,8
293,1604752,830,5930,683,32,8
293,1604753,830,5930,683,32,8
293,1604754,830,5930,683,32,8
293,1604755,830,5930,683,32,8
293,1604756,830,5930,683,32,8
293,1604757,830,5930,683,32,8
293,1604759,830,5930,683,32,8
293,1604760,830,5930,683,32,8
293,1604761,830,5930,683,32,8
293,1604762,830,5930,683,32,8
293,1604763,830,5930,683,32,8
293,1604764,830,5930,683,32,8
293,1604765,830,5930,683,32,8
293,1604766,830,5930,683,32,8
293,1604767,830,5930,683,32,8
293,1604768,830,5930,683,32,8
293,1604770,830,5930,683,32,8
293,1604771,830,5930,683,32,8
293,1604772,830,5930,683,32,8
293,1604773,830,5930,683,32,8
293,1604774,830,5930,683,32,8
293,1604775,830,5930,683,32,8
293,1604777,830,5930,683,32,8
293,1604778,830,5930,683,32,8
293,1604779,830,5930,683,32,8
293,1604781,830,5930,683,32,8
293,1604782,830,5930,683,32,8
293,1604783,830,5930,683,32,8
293,1604784,830,5930,683,32,8
293,1604785,830,5930,683,32,8
293,1604787,830,5930,683,32,8
293,1604788,830,5930,683,32,8
293,1604789,830,5930,683,32,8
293,1604790,830,5930,683,32,8
293,1604792,830,5930,683,32,8
293,1604793,830,5930,683,32,8
293,1604794,830,5930,683,32,8
293,1604795,830,5930,683,32,8
293,1604796,830,5930,683,32,8
293,1604797,830,5930,683,32,8
293,1604798,830,5930,683,32,8
293,1604799,830,5930,683,32,8
293,1604800,830,5930,683,32,8
293,1604801,830,5930,683,32,8
293,1605023,830,5930,683,32,8
293,1605024,830,5930,683,32,8
293,1605025,830,5930,683,32,8
293,1605026,830,5930,683,32,8
293,1605027,830,5930,683,32,8
293,1605029,830,5930,683,32,8
293,1605030,830,5930,683,32,8
293,1605031,830,5930,683,32,8
293,1605032,830,5930,683,32,8
293,1605033,830,5930,683,32,8
293,1605034,830,5930,683,32,8
293,1605035,830,5930,683,32,8
293,1605036,830,5930,683,32,8
293,1605037,830,5930,683,32,8
293,1605038,830,5930,683,32,8
293,1605039,830,5930,683,32,8
293,1605040,830,5930,683,32,8
293,1605041,830,5930,683,32,8
293,1605042,830,5930,683,32,8
293,1605043,830,5930,683,32,8
293,1605044,830,5930,683,32,8
293,1605045,830,5930,683,32,8
293,1605046,830,5930,683,32,8
293,1605047,830,5930,683,32,8
293,1605048,830,5930,683,32,8
293,1605049,830,5930,683,32,8
293,1605050,830,5930,683,32,8
293,1605051,830,5930,683,32,8
293,1605052,830,5930,683,32,8
293,1605053,830,5930,683,32,8
293,1605054,830,5930,683,32,8
293,1605055,830,5930,683,32,8
293,1605056,830,5930,683,32,8
293,1605058,830,5930,683,32,8
293,1605059,830,5930,683,32,8
293,1605060,830,5930,683,32,8
293,1605061,830,5930,683,32,8
293,1605062,830,5930,683,32,8
293,1605063,830,5930,683,32,8
293,1605064,830,5930,683,32,8
293,1605065,830,5930,683,32,8
293,1605066,830,5930,683,32,8
293,1605067,830,5930,683,32,8
293,1605069,830,5930,683,32,8
293,1605070,830,5930,683,32,8
293,1605071,830,5930,683,32,8
293,1605072,830,5930,683,32,8
293,1605073,830,5930,683,32,8
293,1605074,830,5930,683,32,8
293,1605075,830,5930,683,32,8
293,1605077,830,5930,683,32,8
293,1605078,830,5930,683,32,8
293,1605080,830,5930,683,32,8
293,1605081,830,5930,683,32,8
293,1605082,830,5930,683,32,8
293,1605083,830,5930,683,32,8
293,1605084,830,5930,683,32,8
293,1605085,830,5930,683,32,8
293,1605086,830,5930,683,32,8
293,1605087,830,5930,683,32,8
293,1605088,830,5930,683,32,8
293,1605089,830,5930,683,32,8
293,1605092,830,5930,683,32,8
293,1605093,830,5930,683,32,8
293,1605094,830,5930,683,32,8
293,1605095,830,5930,683,32,8
293,1605096,830,5930,683,32,8
293,1605097,830,5930,683,32,8
293,1605098,830,5930,683,32,8
293,1605099,830,5930,683,32,8
293,1605100,830,5930,683,32,8
293,1605101,830,5930,683,32,8
293,1605102,830,5930,683,32,8
293,1605103,830,5930,683,32,8
293,1605104,830,5930,683,32,8
293,1605105,830,5930,683,32,8
293,1605106,830,5930,683,32,8
293,1605107,830,5930,683,32,8
293,1605333,830,5930,683,32,8
293,1605334,830,5930,683,32,8
293,1605335,830,5930,683,32,8
293,1605336,830,5930,683,32,8
293,1605337,830,5930,683,32,8
293,1605339,830,5930,683,32,8
293,1605340,830,5930,683,32,8
293,1605341,830,5930,683,32,8
293,1605342,830,5930,683,32,8
293,1605343,830,5930,683,32,8
293,1605344,830,5930,683,32,8
293,1605345,830,5930,683,32,8
293,1605346,830,5930,683,32,8
293,1605347,830,5930,683,32,8
293,1605348,830,5930,683,32,8
293,1605349,830,5930,683,32,8
293,1605350,830,5930,683,32,8
293,1605351,830,5930,683,32,8
293,1605352,830,5930,683,32,8
293,1605353,830,5930,683,32,8
293,1605354,830,5930,683,32,8
293,1605355,830,5930,683,32,8
293,1605356,830,5930,683,32,8
293,1605357,830,5930,683,32,8
293,1605358,830,5930,683,32,8
293,1605359,830,5930,683,32,8
293,1605360,830,5930,683,32,8
293,1605361,830,5930,683,32,8
293,1605362,830,5930,683,32,8
293,1605363,830,5930,683,32,8
293,1605364,830,5930,683,32,8
293,1605365,830,5930,683,32,8
293,1605366,830,5930,683,32,8
293,1605368,830,5930,683,32,8
293,1605369,830,5930,683,32,8
293,1605370,830,5930,683,32,8
293,1605371,830,5930,683,32,8
293,1605372,830,5930,683,32,8
293,1605373,830,5930,683,32,8
293,1605374,830,5930,683,32,8
293,1605375,830,5930,683,32,8
293,1605376,830,5930,683,32,8
293,1605377,830,5930,683,32,8
293,1605379,830,5930,683,32,8
293,1605380,830,5930,683,32,8
293,1605381,830,5930,683,32,8
293,1605382,830,5930,683,32,8
293,1605383,830,5930,683,32,8
293,1605384,830,5930,683,32,8
293,1605385,830,5930,683,32,8
293,1605387,830,5930,683,32,8
293,1605388,830,5930,683,32,8
293,1605390,830,5930,683,32,8
293,1605391,830,5930,683,32,8
293,1605392,830,5930,683,32,8
293,1605393,830,5930,683,32,8
293,1605394,830,5930,683,32,8
293,1605395,830,5930,683,32,8
293,1605396,830,5930,683,32,8
293,1605397,830,5930,683,32,8
293,1605398,830,5930,683,32,8
293,1605399,830,5930,683,32,8
293,1605401,830,5930,683,32,8
293,1605403,830,5930,683,32,8
293,1605404,830,5930,683,32,8
293,1605405,830,5930,683,32,8
293,1605406,830,5930,683,32,8
293,1605407,830,5930,683,32,8
293,1605408,830,5930,683,32,8
293,1605409,830,5930,683,32,8
293,1605410,830,5930,683,32,8
293,1605411,830,5930,683,32,8
293,1605412,830,5930,683,32,8
293,1605413,830,5930,683,32,8
293,1605414,830,5930,683,32,8
293,1605415,830,5930,683,32,8
293,1605416,830,5930,683,32,8
293,1605417,830,5930,683,32,8
293,1605418,830,5930,683,32,8
293,1605419,830,5930,683,32,8
293,1605681,830,5930,683,32,8
293,1605682,830,5930,683,32,8
293,1605683,830,5930,683,32,8
293,1605684,830,5930,683,32,8
293,1605685,830,5930,683,32,8
293,1605686,830,5930,683,32,8
293,1605687,830,5930,683,32,8
293,1605688,830,5930,683,32,8
293,1605689,830,5930,683,32,8
293,1605690,830,5930,683,32,8
293,1605691,830,5930,683,32,8
293,1605692,830,5930,683,32,8
293,1605693,830,5930,683,32,8
293,1605694,830,5930,683,32,8
293,1605695,830,5930,683,32,8
293,1605696,830,5930,683,32,8
293,1605697,830,5930,683,32,8
293,1605698,830,5930,683,32,8
293,1605699,830,5930,683,32,8
293,1605700,830,5930,683,32,8
293,1605701,830,5930,683,32,8
293,1605702,830,5930,683,32,8
293,1605703,830,5930,683,32,8
293,1605704,830,5930,683,32,8
293,1605705,830,5930,683,32,8
293,1605706,830,5930,683,32,8
293,1605707,830,5930,683,32,8
293,1605708,830,5930,683,32,8
293,1605709,830,5930,683,32,8
293,1605710,830,5930,683,32,8
293,1605711,830,5930,683,32,8
293,1605712,830,5930,683,32,8
293,1605713,830,5930,683,32,8
293,1605714,830,5930,683,32,8
293,1605716,830,5930,683,32,8
293,1605717,830,5930,683,32,8
293,1605718,830,5930,683,32,8
293,1605719,830,5930,683,32,8
293,1605720,830,5930,683,32,8
293,1605721,830,5930,683,32,8
293,1605722,830,5930,683,32,8
293,1605723,830,5930,683,32,8
293,1605724,830,5930,683,32,8
293,1605725,830,5930,683,32,8
293,1605727,830,5930,683,32,8
293,1605728,830,5930,683,32,8
293,1605729,830,5930,683,32,8
293,1605730,830,5930,683,32,8
293,1605731,830,5930,683,32,8
293,1605732,830,5930,683,32,8
293,1605733,830,5930,683,32,8
293,1605734,830,5930,683,32,8
293,1605735,830,5930,683,32,8
293,1605736,830,5930,683,32,8
293,1605738,830,5930,683,32,8
293,1605739,830,5930,683,32,8
293,1605740,830,5930,683,32,8
293,1605742,830,5930,683,32,8
293,1605743,830,5930,683,32,8
293,1605744,830,5930,683,32,8
293,1605745,830,5930,683,32,8
293,1605746,830,5930,683,32,8
293,1605747,830,5930,683,32,8
293,1605748,830,5930,683,32,8
293,1605749,830,5930,683,32,8
293,1605751,830,5930,683,32,8
293,1605752,830,5930,683,32,8
293,1605753,830,5930,683,32,8
293,1605754,830,5930,683,32,8
293,1605755,830,5930,683,32,8
293,1605756,830,5930,683,32,8
293,1605757,830,5930,683,32,8
293,1605759,830,5930,683,32,8
293,1605760,830,5930,683,32,8
293,1605761,830,5930,683,32,8
293,1605762,830,5930,683,32,8
293,1605763,830,5930,683,32,8
293,1605764,830,5930,683,32,8
293,1605765,830,5930,683,32,8
293,1605766,830,5930,683,32,8
293,1605767,830,5930,683,32,8
293,1605768,830,5930,683,32,8
293,1605769,830,5930,683,32,8
293,1605770,830,5930,683,32,8
293,1605771,830,5930,683,32,8
293,1605772,830,5930,683,32,8
293,1605773,830,5930,683,32,8
293,1605774,830,5930,683,32,8
293,1605775,830,5930,683,32,8
293,1605776,830,5930,683,32,8
294,1606732,23,5933,1,10,24
294,1606733,23,5933,1,10,24
296,1624764,699,5957,49,2,23
297,1625470,96,5961,35,45,126
297,1625471,96,5961,35,45,126
298,1628972,2695,256,0,0,208148,256,57,20,208129
298,1630713,2695,256,57,20,208129
299,1753616,449,6579,88,132,17
300,1758592,1312,6582,715,666,809
300,1758593,1312,6582,715,666,809
300,1758594,1312,6582,715,666,809
300,1758595,1312,6582,715,666,809
300,1758596,1312,6582,715,666,809
300,1758597,1312,6582,715,666,809
300,1758598,1312,6582,715,666,809
300,1758599,1312,6582,715,666,809
300,1759681,1312,6582,951,1110,367
300,1759682,1312,6582,951,1110,367
301,1764757,43,6590,0,1,8
301,1764867,43,6590,0,1,8
302,1771599,1064,256,0,0,10255,256,57,18,10237
302,1773340,1064,256,57,18,10237
303,1789610,47,6595,0,0,12
304,1794249,20,6598,0,3,30
305,1794291,67,6603,6,9,134
305,1794298,67,6603,12,16,127
305,1794377,67,6603,37,80,63
306,1794695,178,6607,0,3,131
308,1796111,687,6612,52,37,449
309,1797189,957,6614,0,0,46
310,1862750,1281,6618,1244,87,4
311,1863213,419,6619,0,0,72
311,1863214,419,6619,0,0,72
311,1863248,419,6620,88,29,43
313,1864695,981,6633,3,11,671,6633,14,133,549,6633,28,183,499,6633,39,262,420
314,1865063,0,6638,0,0,6
314,1865069,0,6638,0,0,6
315,1866449,105,6643,91,247,20
316,1871131,382,6649,349,395,32
317,1871397,47,6655,44,49,25,6655,46,57,17,6655,47,72,2
318,1871517,399,6659,78,98,248,6659,79,112,234
319,1871677,7,2469,6,2,1
320,1871919,1059,6662,124,16,17
321,1879628,0,6665,0,1,0
322,1880183,1723,6666,50,8,30
322,1880187,1723,6666,50,8,30
322,1880192,1723,6666,50,8,30
322,1880198,1723,6666,50,8,30
323,1887060,397,6670,0,0,24
324,1889552,359,6672,41,23,9
325,1889767,85,6673,21,5,6
326,1890693,464,6674,95,36,2
326,1890694,464,6674,95,36,2
327,1890749,38,6677,28,34,10
328,1890759,67,6678,0,0,101
329,1895063,1144,6682,438,49,68,6682,827,109,8,6682,827,110,7
330,1895231,21,6688,5,4,67
331,1895607,685,6695,5,8,713
331,1895608,685,6695,5,8,713
332,1896287,2113,6713,665,112,128,6713,666,115,125
332,1896289,2113,6713,665,113,127,6713,665,114,126,6713,666,115,125
333,1903354,798,5098,191,1382,1360
334,1949215,2,6715,0,0,8
334,1949219,2,6715,0,0,8
335,1950915,1019,6716,214,539,480,6716,220,589,430,6718,228,645,374
335,1950916,1019,6716,214,539,480,6716,220,589,430,6718,228,645,374
335,1950919,1019,6716,214,539,480,6716,220,589,430,6718,228,645,374
335,1951021,1019,6716,220,589,430,6718,228,645,374
335,1951063,1019,6718,223,634,385,6718,228,645,374
336,1951648,0,6720,0,0,2
337,1955759,243,6725,47,263,269
337,1966965,243,6721,140,410,122
338,1967210,56,6735,31,12,32
338,1967228,56,6735,49,40,4,6735,49,41,3,6735,56,42,2
338,1967234,56,6736,56,43,1
339,1967269,87,6738,16,6,7
340,1967307,175,6740,0,1,15
341,1967463,0,6741,0,0,0
343,2093444,64,6780,62,101,26
344,2093726,2,6781,2,3,2
345,2093912,28,6785,27,6,9
346,2094010,34,6788,34,85,0
346,2094013,34,6788,34,85,0
347,2094078,3284,3857,331,28,370,3862,491,54,344,3862,491,56,342,3862,508,63,335,3862,527,117,281,3862,532,139,259,3862,532,142,256,3862,616,208,190,3862,620,210,188,3862,627,217,181,3862,631,223,175,3862,666,256,142,3862,707,278,120,3862,715,285,113,3862,715,286,112,3865,793,322,76,3857,793,323,75,3857,888,333,65
348,2096760,63,6792,24,53,245
348,2098023,63,6792,34,170,128
348,2098262,63,6792,62,282,16
348,2098281,63,6798,62,291,7,6792,62,292,6,6792,62,293,5
349,2111894,83,6803,58,509,823
350,2112900,28,6810,22,28,12
351,2113114,86,6811,26,5,5
352,2116335,1867,6872,1672,3594,63
353,2116499,92,6877,4,25,94
354,2117401,13,6882,0,1,18
354,2117507,13,6882,13,18,1
355,2120166,1450,6887,294,1353,567
356,2121249,0,6899,0,0,1
357,2121577,1500,6900,5,2,149,6900,369,53,98
357,2122588,1500,6900,367,49,102
357,2122701,1500,6900,425,90,61
358,2125166,80,6912,80,133,5
358,2125167,80,6912,80,133,5
358,2125172,80,6912,80,133,5
358,2130932,80,6912,80,138,0
358,2130933,80,6912,80,138,0
358,2130938,80,6912,80,138,0
359,2131221,782,6921,453,292,27
360,2140864,3559,2412,1296,5612,3557
361,2146516,1,6925,0,3,1
362,2147042,2738,6927,0,2,53
363,2147489,6,6931,0,0,6
364,2161286,0,6691,0,3,22
365,2161793,797,6943,588,424,387
366,2162062,472,6961,49,27,81,6961,52,31,77
367,2162844,0,3173,0,0,1
367,2162846,0,3173,0,0,1
367,2162848,0,3173,0,0,1
367,2162850,0,3173,0,0,1
367,2162852,0,3173,0,0,1
367,2162856,0,3173,0,0,1
367,2162860,0,3173,0,0,1
367,2162862,0,3173,0,0,1
367,2162864,0,3173,0,0,1
367,2162866,0,3173,0,0,1
367,2162868,0,3173,0,0,1
367,2162870,0,3173,0,0,1
367,2162872,0,3173,0,0,1
367,2162874,0,3173,0,0,1
367,2162876,0,3173,0,0,1
367,2162878,0,3173,0,0,1
367,2162880,0,3173,0,0,1
367,2162882,0,3173,0,0,1
367,2162884,0,3173,0,0,1
367,2162890,0,3173,0,0,1
367,2162899,0,3173,0,0,1
367,2162912,0,3173,0,0,1
367,2162918,0,3173,0,0,1
367,2162941,0,3173,0,0,1
368,2164112,42,6974,35,9,4,6974,42,12,1
369,2164348,402,6979,45,20,46
370,2164413,394,6985,28,65,176
371,2164740,13,6987,0,1,19
371,2164742,13,6987,0,1,19
372,2165127,1,6990,0,7,4
373,2165255,29,6991,26,22,47
374,2165673,1281,7003,41,6,437
374,2165674,1281,7003,41,6,437
374,2165675,1281,7003,41,6,437
374,2165714,1281,7000,156,78,365
374,2165838,1281,7002,332,179,264
375,2166412,37,5612,0,5,19
375,2167726,37,5612,12,22,2
376,2167833,1,7037,0,1,13
377,2167950,108,7043,48,57,118,7043,57,69,106
378,2168307,202,7047,34,112,35
379,2173224,1143,7071,1137,7531,59
379,2173225,1143,7071,1137,7531,59
379,2173226,1143,7071,1137,7531,59
379,2173227,1143,7071,1137,7531,59
379,2173228,1143,7071,1137,7531,59
379,2173229,1143,7071,1137,7531,59
379,2173230,1143,7071,1137,7531,59
379,2173231,1143,7071,1137,7531,59
379,2173232,1143,7071,1137,7531,59
379,2173233,1143,7071,1137,7531,59
379,2173234,1143,7071,1137,7531,59
379,2173235,1143,7071,1137,7531,59
379,2173236,1143,7071,1137,7531,59
379,2173237,1143,7071,1137,7531,59
379,2173238,1143,7071,1137,7531,59
379,2173239,1143,7071,1137,7531,59
379,2173240,1143,7071,1137,7531,59
379,2173241,1143,7071,1137,7531,59
379,2173242,1143,7071,1137,7531,59
379,2173243,1143,7071,1137,7531,59
379,2173244,1143,7071,1137,7531,59
379,2173245,1143,7071,1137,7531,59
379,2173246,1143,7071,1137,7531,59
379,2173247,1143,7071,1137,7531,59
379,2173248,1143,7071,1137,7531,59
379,2173249,1143,7071,1137,7531,59
379,2173250,1143,7071,1137,7531,59
379,2173251,1143,7071,1137,7531,59
379,2173252,1143,7071,1137,7531,59
379,2173253,1143,7071,1137,7531,59
379,2173254,1143,7071,1137,7531,59
379,2173255,1143,7071,1137,7531,59
379,2173256,1143,7071,1137,7531,59
379,2173257,1143,7071,1137,7531,59
379,2173258,1143,7071,1137,7531,59
379,2173259,1143,7071,1137,7531,59
379,2173260,1143,7071,1137,7531,59
379,2173261,1143,7071,1137,7531,59
379,2173262,1143,7071,1137,7531,59
379,2173263,1143,7071,1137,7531,59
379,2173264,1143,7071,1137,7531,59
379,2173265,1143,7071,1137,7531,59
379,2173266,1143,7071,1137,7531,59
379,2173267,1143,7071,1137,7531,59
379,2173268,1143,7071,1137,7531,59
379,2173269,1143,7071,1137,7531,59
379,2173270,1143,7071,1137,7531,59
379,2173271,1143,7071,1137,7531,59
379,2173272,1143,7071,1137,7531,59
379,2173273,1143,7071,1137,7531,59
379,2173274,1143,7071,1137,7531,59
379,2173275,1143,7071,1137,7531,59
379,2173276,1143,7071,1137,7531,59
379,2173277,1143,7071,1137,7531,59
379,2173278,1143,7071,1137,7531,59
379,2173279,1143,7071,1137,7531,59
379,2173280,1143,7071,1137,7531,59
379,2173281,1143,7071,1137,7531,59
379,2173282,1143,7071,1137,7531,59
379,2173283,1143,7071,1137,7531,59
379,2173284,1143,7071,1137,7531,59
379,2173285,1143,7071,1137,7531,59
379,2173286,1143,7071,1137,7531,59
379,2173287,1143,7071,1137,7531,59
379,2173288,1143,7071,1137,7531,59
380,2192189,3868,7189,2561,21211,20376
380,2194326,3868,7189,2709,23695,17890
381,2204564,452,7911,0,0,50
382,2211657,0,6688,0,1,0
383,2212885,1,7918,0,0,4
383,2212886,1,7918,0,0,4
384,2218739,209,7923,116,139,34,7923,116,142,31,7923,116,146,27
384,2218745,209,7923,116,140,33,7923,116,141,32,7923,116,142,31
384,2218747,209,7923,116,140,33
384,2218748,209,7923,116,140,33
384,2218749,209,7923,116,141,32
385,2219345,420,7932,0,1,3
386,2226295,72,7938,41,49,250,7938,41,53,246,7938,46,79,220,7938,48,95,204
386,2226311,72,7939,47,90,209,7939,47,91,208
386,2233307,72,7939,55,152,147
386,2233712,72,7938,58,194,105
387,2236685,1426,256,0,0,79745,256,57,20,79726
387,2238426,1426,256,57,20,79726
388,2287947,78,8008,44,23,23,8008,72,25,21
389,2287978,21,5094,0,9,69,5094,9,65,13,5094,9,73,5
390,2291593,82,8013,0,0,37
391,2304978,331,8015,305,103,17
392,2305182,0,2469,0,3,0
393,2305266,0,6982,0,1,5
394,2306208,54,8022,13,22,34
395,2306623,1254,8023,0,0,112,8023,692,72,40
396,2320633,4831,8045,4032,14984,3639
397,2446127,0,8111,0,0,1
398,2446980,313,8112,0,0,9
398,2447081,313,8112,0,0,9
399,2447414,3310,8117,176,45,1327
399,2447415,3310,8117,176,45,1327
399,2447416,3310,8117,176,45,1327
400,2449679,1290,8143,1211,50,4,8143,1290,54,0
401,2451066,0,8145,0,1,1
402,2470914,2760,8167,818,1456,2164
403,2478636,73,5860,8,21,673,5860,9,23,671,5860,9,24,670,5860,9,25,669,5860,10,26,668,5860,10,27,667,5860,11,28,666,5860,12,37,657,5860,13,42,652,5860,13,47,647,5860,14,53,641
404,2511644,164,8191,73,372,247,8191,83,544,75
405,2512014,692,8207,0,2,3
406,2520951,1756,8209,890,1906,1381,8209,948,1979,1308,8209,963,2028,1259
407,2540395,24,8215,0,1,2
408,2540768,74,8216,13,72,936
408,2541792,74,8217,67,791,216,8217,67,791,216
409,2542628,256,8226,249,48,12
409,2542629,256,8226,249,48,12
409,2542630,256,8226,249,48,12
409,2542631,256,8226,249,48,12
409,2542632,256,8226,249,48,12
410,2542727,14,8229,10,10,30
411,2554871,3084,8295,1516,7344,7514
412,2569632,266,8513,5,7,12
412,2569782,266,8513,5,7,12
412,2569934,266,8513,5,7,12
412,2569936,266,8513,5,7,12
412,2570085,266,8513,5,7,12
412,2570087,266,8513,5,7,12
412,2576089,266,8513,263,15,4
412,2576237,266,8513,263,15,4
412,2576239,266,8513,263,15,4
412,2576389,266,8513,263,15,4
412,2576391,266,8513,263,15,4
413,2578580,122,8514,73,66,278
413,2578581,122,8514,73,66,278
413,2593931,122,8514,114,303,41
414,2594087,33,8522,0,4,30
414,2594088,33,8522,0,4,30
414,2594089,33,8522,0,4,30
414,2594090,33,8522,0,4,30
415,2594529,4,8524,1,2,4
415,2594530,4,8524,1,2,4
416,2594623,68,8540,24,36,287
416,2595094,68,8540,67,314,9
417,2596969,3174,8209,890,3336,3998,8209,948,3474,3860,8209,963,3572,3762
418,2607187,2604,5488,140,388,1661
419,2612207,1200,256,0,0,60162,256,57,20,60143
419,2613948,1200,256,57,20,60143
420,2649127,294,8562,0,0,5
420,2649192,294,8562,0,0,5
422,2651388,50,8578,14,32,106
422,2651463,50,8582,14,35,104
422,2651482,50,8582,14,36,103
422,2651904,50,8581,50,136,3
422,2651923,50,8581,50,136,3
423,2652272,80,8587,49,90,43
423,2652274,80,8587,49,90,43
424,2652643,906,3447,749,89,36
424,2652701,906,3447,765,98,27
425,2652986,257,8595,0,0,8,8595,63,2,6,8595,129,5,3
426,2653956,1220,8596,51,11,40
427,2653970,1008,8602,0,1,235
428,2658277,1939,256,0,0,104648,256,57,20,104629
428,2660018,1939,256,57,20,104629
429,2708610,119,8609,49,13,11
430,2708888,40,8611,0,0,1
431,2710472,6,8612,4,35,1
432,2710966,70,8616,69,426,6
433,2713906,877,256,0,0,27159,256,57,20,27140
433,2715647,877,256,57,20,27140
434,2737729,64,8620,21,6,184
435,2738456,261,8625,216,39,14
436,2738514,59,8626,21,36,146
437,2741730,1332,256,0,0,62116,256,57,20,62097
437,2743471,1332,256,57,20,62097
438,2780111,92,8645,0,0,9
438,2780199,92,8645,0,0,9
438,2780281,92,8645,1,2,7
439,2781477,0,8649,0,1,0
439,2781595,0,8649,0,1,0
439,2781763,0,8649,0,1,0
439,2781870,0,8649,0,1,0
439,2782101,0,8649,0,1,0
439,2782390,0,8649,0,1,0
439,2782491,0,8649,0,1,0
439,2782630,0,8649,0,1,0
439,2785039,0,8649,0,1,0
439,2785151,0,8649,0,1,0
439,2786998,0,8649,0,1,0
439,2788012,0,8649,0,1,0
439,2788059,0,8649,0,1,0
439,2788257,0,8649,0,1,0
439,2788627,0,8649,0,1,0
439,2788840,0,8649,0,1,0
439,2789184,0,8649,0,1,0
439,2791835,0,8649,0,1,0
439,2791918,0,8649,0,1,0
440,2793750,282,8650,12,14,8
441,2795924,16,8652,0,0,3
441,2795926,16,8652,0,0,3
442,2797472,48,8654,9,69,72
443,2797705,1168,8659,63,181,36
444,2798017,127,8664,98,38,19
444,2798018,127,8664,98,38,19
444,2798019,127,8664,98,38,19
444,2798020,127,8664,98,38,19
444,2798021,127,8664,98,38,19
444,2798022,127,8664,98,38,19
444,2798023,127,8664,98,38,19
445,2798885,105,8675,98,128,41,8675,99,155,14
445,2798909,105,8675,99,155,14
445,2798910,105,8675,99,160,9
447,2799946,392,8688,15,40,8
448,2800786,88,8690,87,123,19
449,2800825,86,8705,37,10,86,8705,79,76,20
450,2801901,1,8709,0,1,5
450,2801902,1,8709,0,1,5
451,2805471,1082,8715,358,52,35
452,2825634,23,8723,0,0,2
453,2827948,4011,8734,659,1702,3232
453,2827957,4011,8734,664,1745,3189
454,2964895,77,8759,7,29,84,8760,8,30,83
455,2965029,41,8762,3,24,50,8762,25,32,42,8762,30,51,23,8762,30,56,18,8762,41,73,1
456,2968831,511,8764,0,0,36
456,2968941,511,8764,0,0,36
456,2971468,511,8764,0,0,36
456,2971616,511,8764,0,0,36
456,2971618,511,8764,0,0,36
456,2971766,511,8764,0,0,36
456,2971768,511,8764,0,0,36
457,2993847,713,8765,32,5,2
458,3000622,3583,3857,630,40,110,3861,915,63,87,3861,918,64,86,3861,919,65,85,3861,922,71,79,3861,999,81,69,3861,1063,115,35,3865,1092,116,34,3857,1092,117,33,3857,1187,123,27
459,3000678,851,8768,82,5,1
459,3000679,851,8768,82,5,1
459,3000680,851,8768,82,5,1
459,3000681,851,8768,82,5,1
460,3000725,84,8770,5,7,177,8770,13,53,131
461,3004979,0,8773,0,0,0
461,3007531,0,8773,0,0,0
461,3007533,0,8773,0,0,0
462,3010400,6,8774,0,0,2
462,3010401,6,8774,0,0,2
462,3010418,6,8774,0,0,2
463,3010967,647,8776,0,0,15
463,3010968,647,8776,0,0,15
464,3012128,61,8779,20,27,65
465,3026265,2581,7189,1927,9998,9947,7189,1937,10151,9795
465,3030184,2581,7189,2561,19696,248
466,3030317,55,8786,10,10,68,8785,10,12,66
466,3030322,55,8784,12,15,63
467,3031764,574,8794,420,181,24
467,3031765,574,8794,420,181,24
468,3055088,3286,8818,2793,4190,532
469,3066287,3588,3857,635,130,123,3865,1097,203,50,3857,1097,204,49,3857,1192,206,47
470,3067653,6,8825,0,1,3
470,3067804,6,8825,0,1,3
470,3067815,6,8825,0,1,3
470,3067824,6,8825,0,1,3
470,3067825,6,8825,0,1,3
470,3067826,6,8825,0,1,3
470,3067830,6,8825,0,1,3
470,3067933,6,8825,0,1,3
470,3067956,6,8825,0,1,3
471,3068236,0,8827,0,1,0
472,3068834,60,8830,0,4,1
473,3068926,667,8832,64,6,30
473,3068928,667,8832,64,6,30
473,3068937,667,8832,122,11,25
473,3068941,667,8832,125,13,23
474,3069015,3,8836,1,9,19,8836,2,13,15
475,3069921,1072,4339,178,476,569
476,3072516,458,8856,58,37,47
477,3075487,0,8860,0,1,0
478,3078777,55,8861,55,2,1
478,3078781,55,8861,55,2,1
478,3078784,55,8861,55,2,1
478,3078789,55,8861,55,2,1
479,3082184,46,8871,45,669,73
479,3082186,46,8866,45,674,68
480,3083944,657,8897,230,664,171,8897,233,676,159
481,3084575,59,8903,28,7,21,8903,29,9,19
481,3084588,59,8903,29,9,19
482,3084685,64,8910,11,12,277,8910,20,22,267,8910,20,23,266
482,3084773,64,8910,35,135,154,8910,35,136,153,8910,35,137,152
482,3084846,64,8909,62,218,71,8909,63,270,19,8909,63,272,17
483,3087959,1031,256,0,0,27427,256,57,20,27408
483,3089700,1031,256,57,20,27408
484,3112216,104,8924,36,124,138
484,3112218,104,8924,36,125,137
484,3112503,104,8924,64,225,37
486,3116173,379,8954,129,209,84
487,3116627,1505,8964,1479,23,1
488,3116804,54,8965,35,16,2
488,3116805,54,8965,35,16,2
488,3116806,54,8965,35,16,2
488,3116807,54,8965,35,16,2
489,3116817,1,5587,0,1,4
490,3116872,0,8968,0,0,6
491,3117178,60,8970,28,37,232
491,3117249,60,8971,28,39,230
492,3117507,139,8975,120,17,6
492,3117508,139,8975,120,17,6
492,3117509,139,8975,120,17,6
492,3117510,139,8975,120,17,6
492,3117511,139,8975,120,17,6
492,3117545,139,8975,123,22,1
492,3117546,139,8975,123,22,1
492,3117547,139,8975,123,22,1
492,3117548,139,8975,123,22,1
493,3118076,787,8978,29,48,165
494,3119828,1,8994,0,1,3
495,3120142,39,9000,26,48,100
496,3122475,77,9006,37,15,8
497,3123189,98,9009,18,42,24
498,3124501,23,9010,3,13,2
499,3124548,411,9011,0,0,3
500,3127400,98,9015,67,21,3
501,3129348,85,9019,28,8,15,9019,34,9,14,9019,41,10,13,9019,42,11,12,9019,83,22,1,9019,85,23,0
502,3132838,1700,9023,188,235,4992,9023,188,236,4991,9023,188,237,4990
503,3136503,20,9040,13,13,13
504,3138233,106,9046,103,941,109,9046,103,950,100,9046,103,956,94
504,3138251,106,9051,104,969,81
504,3138255,106,9056,104,973,77
505,3138431,100,9061,11,37,26,9061,12,39,24
505,3138432,100,9061,11,38,25,9061,12,39,24
506,3138486,91,9065,6,15,210
506,3138678,91,9063,34,63,162,9063,34,64,161
506,3138679,91,9063,34,63,162,9063,34,64,161,9063,34,90,135
506,3138706,91,9063,34,84,141
507,3138942,12,9067,0,0,12
508,3139526,0,6715,0,1,1
508,3139530,0,6715,0,1,1
509,3139934,74,9071,5,48,242
510,3140080,384,9102,384,36,2
511,3140110,1373,9103,0,0,3327
511,3140216,1373,9103,0,0,3327
512,3149314,30,9150,30,36,0
512,3149315,30,9150,30,36,0
513,3149503,0,9154,0,0,4
514,3151916,614,9155,146,156,56
514,3152064,614,9155,147,165,47
515,3154549,367,9156,160,51,17,9156,203,61,7
515,3154573,367,9156,162,52,16,9156,196,58,10
515,3154589,367,9156,176,55,13,9156,196,58,10
516,3155487,417,9161,0,0,26
516,3155515,417,9161,0,0,26
517,3156087,79,9165,72,241,75
518,3156187,295,9170,258,24,11
